Top pages,Clicks,Impressions,CTR,Position
https://www.benstrawbridge.com/trails/bluff-creek-trail/,106,4560,2.32%,6.74
https://www.benstrawbridge.com/trails/pv-tour/,20,2165,0.92%,9.03
https://www.benstrawbridge.com/projects/hiking/westchester-playa-vista-playa-del-rey-hiking-guide/,20,1465,1.37%,8.01
https://www.benstrawbridge.com/projects/hiking/westchester-playa-vista-playa-del-rey-hiking-guide/bluff-creek-trail/,15,814,1.84%,6.26
https://www.benstrawbridge.com/,10,355,2.82%,9.04
https://www.benstrawbridge.com/fineprint/amazon-affiliate-disclosure/,7,319,2.19%,20.13
https://www.benstrawbridge.com/posts/style-the-rss-xml-feed-with-xslt/,6,1182,0.51%,49.47
https://www.benstrawbridge.com/posts/pick-a-squares-game/,5,328,1.52%,7.34
https://www.benstrawbridge.com/projects/hiking/westchester-playa-vista-playa-del-rey-hiking-guide/bluff-trail/,3,133,2.26%,26.89
https://www.benstrawbridge.com/projects/,3,84,3.57%,4.93
https://www.benstrawbridge.com/musical-genres/gbvfi/,2,633,0.32%,7.51
https://www.benstrawbridge.com/projects/hiking/westchester-playa-vista-playa-del-rey-hiking-guide/jet-pets/,2,413,0.48%,8.88
https://www.benstrawbridge.com/listening/artists/sat-chit/,2,103,1.94%,10.57
https://www.benstrawbridge.com/projects/ocr-powered-search-photo-gallery/,2,48,4.17%,20.65
https://www.benstrawbridge.com/projects/the-ryder-theme-for-hugo/,2,38,5.26%,10.84
https://www.benstrawbridge.com/projects/hiking/westchester-playa-vista-playa-del-rey-hiking-guide/del-rey-lagoon/,1,1084,0.09%,10.2
https://www.benstrawbridge.com/musical-genres/crank-wave/,1,747,0.13%,11.34
https://www.benstrawbridge.com/projects/recipes/smoothies/golden-beet-apple-mango-banana-smoothie/,1,468,0.21%,7.27
https://www.benstrawbridge.com/musical-genres/indie-jazz/,1,221,0.45%,14.16
https://www.benstrawbridge.com/musical-genres/adult-standards/,1,196,0.51%,11.53
https://www.benstrawbridge.com/listening/artists/the-equals/,1,107,0.93%,4.53
https://www.benstrawbridge.com/musical-genres/contemporary-post-bop/,1,90,1.11%,16.77
https://www.benstrawbridge.com/consulting/,1,89,1.12%,6.75
https://www.benstrawbridge.com/tags/photography/,1,72,1.39%,10.71
https://www.benstrawbridge.com/page/3/,1,66,1.52%,8.5
https://www.benstrawbridge.com/projects/hiking/westchester-playa-vista-playa-del-rey-hiking-guide/oberrieder-dog-park/,1,62,1.61%,6.74
https://www.benstrawbridge.com/links/dangerous-roads/,1,62,1.61%,10.42
https://www.benstrawbridge.com/posts/obsidian-cli/,1,56,1.79%,10.89
https://www.benstrawbridge.com/page/4/,1,47,2.13%,9.74
https://www.benstrawbridge.com/listening/artists/prof/,1,44,2.27%,15.14
https://www.benstrawbridge.com/links/reshot-free-svg-icons/,1,36,2.78%,7.19
https://www.benstrawbridge.com/listening/artists/america/,1,25,4%,30.2
https://www.benstrawbridge.com/listening/artists/immanuel-wilkins/,1,14,7.14%,8
https://www.benstrawbridge.com/listening/artists/zach-palmer/,1,14,7.14%,12.36
https://www.benstrawbridge.com/listening/artists/charlie-beale/,1,11,9.09%,10.09
https://www.benstrawbridge.com/listening/artists/frankie-white/,1,5,20%,12
https://www.benstrawbridge.com/projects/content-adaptors/spotify/peter-breiner/,1,3,33.33%,6.33
https://www.benstrawbridge.com/listening/artists/remy-sher/,1,3,33.33%,10.67
https://www.benstrawbridge.com/projects/content-adaptors/spotify/brigitte-fontaine/,1,2,50%,4.5
https://www.benstrawbridge.com/tags/westchester/,1,2,50%,5
https://www.benstrawbridge.com/listening/artists/jimmy-hughes/,1,2,50%,7.5
https://www.benstrawbridge.com/projects/chill-dogs/,1,1,100%,2
https://www.benstrawbridge.com/tags/moms-family-recipes/,1,1,100%,3
https://www.benstrawbridge.com/listening/artists/verdezul/,1,1,100%,7
https://www.benstrawbridge.com/musical-genres/modern-alternative-rock/,1,1,100%,11
https://www.benstrawbridge.com/musical-genres/outlaw-country/,0,1706,0%,6.69
https://www.benstrawbridge.com/musical-genres/no-wave/,0,373,0%,46.45
https://www.benstrawbridge.com/musical-genres/west-coast-rap/,0,343,0%,12.13
https://www.benstrawbridge.com/musical-genres/permanent-wave/,0,269,0%,14.78
https://www.benstrawbridge.com/posts/tunnel-localhost-server-through-trycloudflare/,0,262,0%,23.13
https://www.benstrawbridge.com/posts/github-action-to-create-new-content-in-hugo/,0,257,0%,15.3
https://www.benstrawbridge.com/posts/beads-and-gas-town-coding-agent-evolution/,0,230,0%,14.79
https://www.benstrawbridge.com/musical-genres/slacker-rock/,0,219,0%,21.95
https://www.benstrawbridge.com/listening/artists/ahmad-jamal/,0,212,0%,30.17
https://www.benstrawbridge.com/musical-genres/urbano-latino/,0,201,0%,17.7
https://www.benstrawbridge.com/musical-genres/experimental-rock/,0,201,0%,25.01
https://www.benstrawbridge.com/trails/,0,186,0%,43.84
https://www.benstrawbridge.com/musical-genres/chamber-pop/,0,174,0%,29.93
https://www.benstrawbridge.com/musical-genres/,0,172,0%,14.03
https://www.benstrawbridge.com/musical-genres/jazz-fusion/,0,167,0%,32.43
https://www.benstrawbridge.com/musical-genres/experimental-indie-rock/,0,138,0%,12.04
https://www.benstrawbridge.com/musical-genres/neo-mellow/,0,118,0%,9.19
https://www.benstrawbridge.com/links/,0,108,0%,12.64
https://www.benstrawbridge.com/musical-genres/mellow-gold/,0,103,0%,7.77
https://www.benstrawbridge.com/musical-genres/jazz-quartet/,0,100,0%,22.7
https://www.benstrawbridge.com/musical-genres/alt-country/,0,100,0%,40.72
https://www.benstrawbridge.com/musical-genres/metropopolis/,0,93,0%,9.99
https://www.benstrawbridge.com/musical-genres/ska/,0,92,0%,38.12
https://www.benstrawbridge.com/musical-genres/jazz-ballads/,0,89,0%,34.21
https://www.benstrawbridge.com/projects/recipes/tarragon-beets-salad/,0,83,0%,6.72
https://www.benstrawbridge.com/listening/artists/tommy-flanagan/,0,81,0%,24.85
https://www.benstrawbridge.com/listening/artists/johnny-cash/,0,79,0%,4.84
https://www.benstrawbridge.com/projects/recipes/granola/lemon-chia-granola/,0,78,0%,33.63
https://www.benstrawbridge.com/musical-genres/bebop/,0,74,0%,37.65
https://www.benstrawbridge.com/musical-genres/post-romantic-era/,0,72,0%,25.74
https://www.benstrawbridge.com/musical-genres/art-punk/,0,70,0%,12.43
https://www.benstrawbridge.com/trails/strawberry-peak/,0,67,0%,12.04
https://www.benstrawbridge.com/page/2/,0,64,0%,10.73
https://www.benstrawbridge.com/projects/road-trip/,0,64,0%,30.31
https://www.benstrawbridge.com/listening/artists/jacob-funch/,0,62,0%,8.82
https://www.benstrawbridge.com/musical-genres/cool-jazz/,0,61,0%,38.31
https://www.benstrawbridge.com/musical-genres/east-coast-hip-hop/,0,60,0%,12.32
https://www.benstrawbridge.com/musical-genres/hyphy/,0,60,0%,51.93
https://www.benstrawbridge.com/posts/hugo-deploy-script/,0,59,0%,10.05
https://www.benstrawbridge.com/links/ocr-comparison-tesseract-vs-easyocr-vs-paddleocr-vs-mmocr/,0,57,0%,12.49
https://www.benstrawbridge.com/links/olsson-barbieri/,0,57,0%,21.4
https://www.benstrawbridge.com/musical-genres/ocean/,0,54,0%,18.2
https://www.benstrawbridge.com/listening/artists/bud-powell/,0,54,0%,21.65
https://www.benstrawbridge.com/listening/artists/bennie-maupin/,0,54,0%,22.04
https://www.benstrawbridge.com/posts/,0,53,0%,13.4
https://www.benstrawbridge.com/listening/artists/larry-coryell/,0,53,0%,27.08
https://www.benstrawbridge.com/projects/content-adaptors/spotify/sat-chit/,0,51,0%,9.73
https://www.benstrawbridge.com/listening/artists/valentin-silvestrov/,0,50,0%,24.28
https://www.benstrawbridge.com/musical-genres/instrumental-funk/,0,48,0%,7.62
https://www.benstrawbridge.com/musical-genres/post-hardcore/,0,47,0%,12.6
https://www.benstrawbridge.com/musical-genres/jazz-rap/,0,47,0%,54.26
https://www.benstrawbridge.com/listening/artists/hayley-sakkara/,0,46,0%,11.41
https://www.benstrawbridge.com/musical-genres/totalism/,0,46,0%,15.52
https://www.benstrawbridge.com/musical-genres/grave-wave/,0,45,0%,11.33
https://www.benstrawbridge.com/posts/tag-cloud/,0,45,0%,26.67
https://www.benstrawbridge.com/musical-genres/contemporary-country/,0,45,0%,30.49
https://www.benstrawbridge.com/page/5/,0,44,0%,13.34
https://www.benstrawbridge.com/musical-genres/melancholia/,0,43,0%,10.19
https://www.benstrawbridge.com/musical-genres/anti-folk/,0,43,0%,43
https://www.benstrawbridge.com/listening/artists/pavement/,0,43,0%,44.58
https://www.benstrawbridge.com/listening/artists/joey-valence-brae/,0,42,0%,27.02
https://www.benstrawbridge.com/musical-genres/avant-garde-jazz/,0,42,0%,36.76
https://www.benstrawbridge.com/listening/artists/steven-osborne/,0,42,0%,38.55
https://www.benstrawbridge.com/listening/artists/neutral-milk-hotel/,0,41,0%,15.22
https://www.benstrawbridge.com/listening/artists/oscar-peterson-trio/,0,40,0%,10.03
https://www.benstrawbridge.com/everything-everywhere/page/7/,0,40,0%,16.65
https://www.benstrawbridge.com/links/beads-a-coding-agent-memory-system/,0,39,0%,8.28
https://www.benstrawbridge.com/musical-genres/experimental-pop/,0,39,0%,8.62
https://www.benstrawbridge.com/trails/wisdon-tree-and-lake-hollywood/,0,39,0%,22.56
https://www.benstrawbridge.com/musical-genres/americana/,0,39,0%,26.21
https://www.benstrawbridge.com/listening/artists/alice-sara-ott/,0,37,0%,29.81
https://www.benstrawbridge.com/listening/artists/hampton-hawes/,0,35,0%,3.69
https://www.benstrawbridge.com/links/citrini-research-2028-gic/,0,35,0%,6.06
https://www.benstrawbridge.com/everything-everywhere/,0,34,0%,11
https://www.benstrawbridge.com/musical-genres/jazzcore/,0,34,0%,16.76
https://www.benstrawbridge.com/tags/dog-friendly/,0,34,0%,19.21
https://www.benstrawbridge.com/musical-genres/psychedelic-soul/,0,34,0%,33.41
https://www.benstrawbridge.com/musical-genres/tape-club/,0,33,0%,9.42
https://www.benstrawbridge.com/listening/weekly/2026-w13/,0,32,0%,9.31
https://www.benstrawbridge.com/listening/artists/fats-navarro/,0,32,0%,26.03
https://www.benstrawbridge.com/musical-genres/newgrass/,0,32,0%,35.75
https://www.benstrawbridge.com/musical-genres/zolo/,0,32,0%,41.31
https://www.benstrawbridge.com/musical-genres/hypnagogic-pop/,0,31,0%,19.71
https://www.benstrawbridge.com/listening/artists/eteri-andjaparidze/,0,30,0%,9.4
https://www.benstrawbridge.com/musical-genres/post-disco/,0,30,0%,10.27
https://www.benstrawbridge.com/listening/artists/gaiea-sanskrit/,0,30,0%,10.93
https://www.benstrawbridge.com/links/how-sequoia-capital-measures-product-health/,0,30,0%,33.23
https://www.benstrawbridge.com/musical-genres/alternative-hip-hop/,0,30,0%,39.17
https://www.benstrawbridge.com/musical-genres/downtempo-bass/,0,29,0%,11.34
https://www.benstrawbridge.com/tags/ai/,0,29,0%,19.62
https://www.benstrawbridge.com/listening/artists/domi-jd-beck/,0,28,0%,23.79
https://www.benstrawbridge.com/links/the-jolly-teapot/,0,26,0%,7.15
https://www.benstrawbridge.com/listening/artists/peech/,0,26,0%,26.54
https://www.benstrawbridge.com/musical-genres/soft-rock/,0,26,0%,32.85
https://www.benstrawbridge.com/listening/artists/johann-sebastian-bach/,0,25,0%,7.44
https://www.benstrawbridge.com/musical-genres/abstract-beats/,0,25,0%,9.88
https://www.benstrawbridge.com/musical-genres/swamp-rock/,0,25,0%,10.52
https://www.benstrawbridge.com/musical-genres/experimental-indie-rock,0,24,0%,1
https://www.benstrawbridge.com/listening/artists/10-ft-ganja-plant/,0,24,0%,15.12
https://www.benstrawbridge.com/musical-genres/dub/,0,24,0%,50.04
https://www.benstrawbridge.com/musical-genres/melodic-rap/,0,23,0%,16.74
https://www.benstrawbridge.com/musical-genres/abstract-hip-hop/,0,23,0%,19
https://www.benstrawbridge.com/musical-genres/dance-rock/,0,23,0%,31.17
https://www.benstrawbridge.com/musical-genres/hip-hop/,0,23,0%,35.96
https://www.benstrawbridge.com/listening/artists/devo/,0,23,0%,44.48
https://www.benstrawbridge.com/projects/recipes/granola/original-granola/,0,22,0%,8.95
https://www.benstrawbridge.com/tags/fonts/,0,22,0%,23.68
https://www.benstrawbridge.com/listening/artists/bob-dylan/,0,22,0%,37.82
https://www.benstrawbridge.com/listening/artists/bella-white/,0,21,0%,5.81
https://www.benstrawbridge.com/links/thefocus-ai-distill-the-signal-from-the-noise/,0,21,0%,6.48
https://www.benstrawbridge.com/musical-genres/laboratorio/,0,21,0%,9.76
https://www.benstrawbridge.com/listening/artists/grand-puba/,0,21,0%,11.62
https://www.benstrawbridge.com/listening/artists/bugseed/,0,21,0%,42.81
https://www.benstrawbridge.com/listening/artists/lafayette-afro-rock-band/,0,20,0%,11.4
https://www.benstrawbridge.com/listening/artists/brian-eno/,0,20,0%,36.6
https://www.benstrawbridge.com/listening/artists/rundmc/,0,20,0%,37.2
https://www.benstrawbridge.com/listening/artists/ambrose-akinmusire/,0,19,0%,1
https://www.benstrawbridge.com/musical-genres/brill-building-pop/,0,19,0%,6.11
https://www.benstrawbridge.com/listening/artists/hank-garrett/,0,19,0%,8.42
https://www.benstrawbridge.com/musical-genres/golden-age-hip-hop/,0,19,0%,10.74
https://www.benstrawbridge.com/tags/hugo/,0,19,0%,15.16
https://www.benstrawbridge.com/tags/portfolio/,0,19,0%,15.47
https://www.benstrawbridge.com/listening/artists/the-brudi-brothers/,0,19,0%,16.89
https://www.benstrawbridge.com/musical-genres/jazz-funk/,0,19,0%,18.63
https://www.benstrawbridge.com/listening/artists/x/,0,19,0%,39.58
https://www.benstrawbridge.com/musical-genres/swamp-blues/,0,18,0%,8.33
https://www.benstrawbridge.com/projects/content-adaptors/spotify/janos-sebestyen/,0,18,0%,8.67
https://www.benstrawbridge.com/links/the-web/,0,18,0%,9.39
https://www.benstrawbridge.com/musical-genres/blues-rock/,0,18,0%,10.89
https://www.benstrawbridge.com/tags/art/,0,18,0%,21
https://www.benstrawbridge.com/listening/artists/del-the-funky-homosapien/,0,18,0%,22.22
https://www.benstrawbridge.com/musical-genres/math-rock/,0,18,0%,25.28
https://www.benstrawbridge.com/musical-genres/soul/,0,18,0%,32.17
https://www.benstrawbridge.com/listening/artists/shellac/,0,18,0%,37.28
https://www.benstrawbridge.com/musical-genres/victorian-britain/,0,17,0%,9.35
https://www.benstrawbridge.com/projects/content-adaptors/books/the-hunchback-of-notre-dame/,0,17,0%,11.12
https://www.benstrawbridge.com/listening/artists/mccoy-tyner-trio/,0,17,0%,13.65
https://www.benstrawbridge.com/listening/artists/robert-glasper/,0,17,0%,21.76
https://www.benstrawbridge.com/listening/artists/polvo/,0,17,0%,31.82
https://www.benstrawbridge.com/musical-genres/hardcore-hip-hop/,0,17,0%,40.59
https://www.benstrawbridge.com/listening/artists/talking-heads/,0,17,0%,56.47
https://www.benstrawbridge.com/musical-genres/ambient-folk/,0,16,0%,8.06
https://www.benstrawbridge.com/tags/ml/,0,16,0%,10.38
https://www.benstrawbridge.com/musical-genres/bluegrass/,0,16,0%,21.44
https://www.benstrawbridge.com/tags/web/,0,16,0%,22.25
https://www.benstrawbridge.com/links/deploying-a-hugo-site-to-aws-s3-and-cloudfront/,0,16,0%,32.5
https://www.benstrawbridge.com/listening/artists/faces/,0,16,0%,42.44
https://www.benstrawbridge.com/listening/artists/swans/,0,16,0%,61.69
https://www.benstrawbridge.com/projects/content-adaptors/spotify/idris-muhammad/,0,15,0%,7.07
https://www.benstrawbridge.com/musical-genres/ecm-style-jazz/,0,15,0%,16.13
https://www.benstrawbridge.com/listening/artists/fulop-ranki/,0,15,0%,16.2
https://www.benstrawbridge.com/musical-genres/folktronica,0,15,0%,38.4
https://www.benstrawbridge.com/listening/artists/spoonbeats/,0,15,0%,39.13
https://www.benstrawbridge.com/musical-genres/minimalism,0,15,0%,41.4
https://www.benstrawbridge.com/listening/artists/blackalicious/,0,15,0%,44.27
https://www.benstrawbridge.com/projects/content-adaptors/books/les-misérables/,0,14,0%,3.64
https://www.benstrawbridge.com/listening/artists/bob-wills-his-texas-playboys/,0,14,0%,9.36
https://www.benstrawbridge.com/listening/artists/the-vaselines/,0,14,0%,10.71
https://www.benstrawbridge.com/musical-genres/sunshine-pop/,0,14,0%,11.57
https://www.benstrawbridge.com/musical-genres/psychedelic-hip-hop/,0,14,0%,13
https://www.benstrawbridge.com/listening/artists/wolfgang-amadeus-mozart/,0,14,0%,22.5
https://www.benstrawbridge.com/links/bodoni/,0,14,0%,25.71
https://www.benstrawbridge.com/musical-genres/gangster-rap/,0,14,0%,26.29
https://www.benstrawbridge.com/musical-genres/funk-rock/,0,14,0%,27.57
https://www.benstrawbridge.com/listening/artists/escpe/,0,14,0%,47.79
https://www.benstrawbridge.com/listening/artists/firehose/,0,14,0%,55.93
https://www.benstrawbridge.com/listening/artists/pylon/,0,14,0%,57.57
https://www.benstrawbridge.com/listening/artists/davids-eglitis/,0,13,0%,6.62
https://www.benstrawbridge.com/projects/content-adaptors/books/interpreting-the-french-revolution/,0,13,0%,7.92
https://www.benstrawbridge.com/tags/design/,0,13,0%,22.08
https://www.benstrawbridge.com/links/shellsharks/,0,13,0%,30.85
https://www.benstrawbridge.com/links/backtrader/,0,13,0%,31.62
https://www.benstrawbridge.com/tags/web-development/,0,13,0%,32.31
https://www.benstrawbridge.com/tags/fonts-icons/,0,13,0%,39.31
https://www.benstrawbridge.com/musical-genres/contemporary-jazz/,0,13,0%,47.54
https://www.benstrawbridge.com/listening/artists/stetsasonic/,0,13,0%,49.23
https://www.benstrawbridge.com/listening/artists/cortex/,0,13,0%,58.85
https://www.benstrawbridge.com/links/deepmind-lab/,0,13,0%,66.38
https://www.benstrawbridge.com/ingredients/balsamic-vinegar/,0,13,0%,70.46
https://www.benstrawbridge.com/links/seungmee-lee/,0,13,0%,74.62
https://www.benstrawbridge.com/musical-genres/spytrack/,0,12,0%,6.17
https://www.benstrawbridge.com/links/the-webs-grain/,0,12,0%,6.75
https://www.benstrawbridge.com/musical-genres/reggae-fusion/,0,12,0%,7
https://www.benstrawbridge.com/projects/content-adaptors/spotify/de-la-soul/,0,12,0%,7.58
https://rt2026.benstrawbridge.com/,0,12,0%,7.75
https://www.benstrawbridge.com/listening/artists/havard-gimse/,0,12,0%,8.83
https://www.benstrawbridge.com/musical-genres/microhouse/,0,12,0%,11.25
https://www.benstrawbridge.com/musical-genres/trap-latino/,0,12,0%,12.25
https://www.benstrawbridge.com/projects/content-adaptors/spotify/biffpowbang/,0,12,0%,13.25
https://www.benstrawbridge.com/tags/icons/,0,12,0%,16.83
https://www.benstrawbridge.com/musical-genres/jazz-house/,0,12,0%,18.17
https://www.benstrawbridge.com/musical-genres/conscious-hip-hop/,0,12,0%,19.17
https://www.benstrawbridge.com/links/deepchecks/,0,12,0%,31.92
https://www.benstrawbridge.com/posts/ingredients-section/,0,12,0%,33.92
https://www.benstrawbridge.com/musical-genres/blues/,0,12,0%,38.75
https://www.benstrawbridge.com/musical-genres/reggae/,0,12,0%,40.08
https://www.benstrawbridge.com/musical-genres/harlem-renaissance/,0,12,0%,48.17
https://www.benstrawbridge.com/listening/artists/tonez/,0,12,0%,51.42
https://www.benstrawbridge.com/listening/artists/negativland/,0,12,0%,65.5
https://www.benstrawbridge.com/listening/artists/yukimi/,0,12,0%,80.17
https://www.benstrawbridge.com/posts/a-theme-meets-a-stranger/,0,11,0%,5.64
https://www.benstrawbridge.com/listening/artists/the-itals/,0,11,0%,9.18
https://www.benstrawbridge.com/musical-genres/post-punk/,0,11,0%,9.45
https://www.benstrawbridge.com/tags/vegetarian/,0,11,0%,11.91
https://www.benstrawbridge.com/projects/recipes/moms-family-recipes-cookbook/dads-home-fried-potatoes/,0,11,0%,12.64
https://www.benstrawbridge.com/tags/tools/,0,11,0%,18.36
https://www.benstrawbridge.com/links/crypto/,0,11,0%,24.91
https://www.benstrawbridge.com/links/plausible/,0,11,0%,31.73
https://www.benstrawbridge.com/listening/artists/cream/,0,11,0%,58.18
https://www.benstrawbridge.com/listening/artists/bruce-robison/,0,10,0%,1
https://www.benstrawbridge.com/links/what-screens-want/,0,10,0%,4.7
https://www.benstrawbridge.com/projects/content-adaptors/spotify/bizarrap/,0,10,0%,7.7
https://www.benstrawbridge.com/listening/artists/underwater-sound/,0,10,0%,7.8
https://www.benstrawbridge.com/projects/content-adaptors/spotify/evgeny-kissin/,0,10,0%,8
https://www.benstrawbridge.com/listening/artists/milo-j/,0,10,0%,8.3
https://www.benstrawbridge.com/musical-genres/political-hip-hop/,0,10,0%,8.7
https://www.benstrawbridge.com/projects/content-adaptors/spotify/milo-j/,0,10,0%,8.8
https://www.benstrawbridge.com/listening/artists/p-lo/,0,10,0%,9.7
https://www.benstrawbridge.com/musical-genres/ambient-jazz/,0,10,0%,9.7
https://www.benstrawbridge.com/projects/content-adaptors/spotify/fairport-convention/,0,10,0%,10
https://www.benstrawbridge.com/listening/artists/yusuf-cat-stevens/,0,10,0%,10.1
https://www.benstrawbridge.com/musical-genres/jazz-organ/,0,10,0%,15.8
https://www.benstrawbridge.com/musical-genres/german-electronica/,0,10,0%,16.4
https://www.benstrawbridge.com/tags/american/,0,10,0%,17.7
https://www.benstrawbridge.com/listening/artists/yuja-wang/,0,10,0%,21.1
https://www.benstrawbridge.com/links/phosphoricons/,0,10,0%,26.7
https://www.benstrawbridge.com/tags/general/,0,10,0%,28.8
https://www.benstrawbridge.com/links/inter/,0,10,0%,34.9
https://www.benstrawbridge.com/musical-genres/motown/,0,10,0%,42.3
https://www.benstrawbridge.com/listening/artists/public-enemy/,0,10,0%,47.6
https://www.benstrawbridge.com/tags/gas-town/,0,10,0%,55.3
https://www.benstrawbridge.com/listening/artists/dangerdoom/,0,10,0%,71.5
https://www.benstrawbridge.com/links/tailwindcss-docs/,0,10,0%,72.9
https://www.benstrawbridge.com/musical-genres/choral/,0,10,0%,79.4
https://www.benstrawbridge.com/links/format-magazine/,0,10,0%,84.1
https://www.benstrawbridge.com/links/streamlit-ocr-comparator-on-hugging-face/,0,9,0%,5.44
https://www.benstrawbridge.com/links/joe-mooring-writes-about-hugo/,0,9,0%,8
https://www.benstrawbridge.com/musical-genres/atl-hip-hop,0,9,0%,9.11
https://www.benstrawbridge.com/musical-genres/brooklyn-indie/,0,9,0%,11.78
https://www.benstrawbridge.com/listening/artists/the-budos-band/,0,9,0%,11.89
https://www.benstrawbridge.com/listening/artists/momoko-gill/,0,9,0%,12.56
https://www.benstrawbridge.com/listening/artists/sublime/,0,9,0%,13.11
https://www.benstrawbridge.com/links/ai-training-datasets-the-books1-books2-that-big-ai-eats-for-breakfast/,0,9,0%,13.22
https://www.benstrawbridge.com/listening/artists/steely-dan/,0,9,0%,13.78
https://www.benstrawbridge.com/musical-genres/denton-tx-indie/,0,9,0%,13.89
https://www.benstrawbridge.com/musical-genres/synthpop/,0,9,0%,15.89
https://www.benstrawbridge.com/links/how-to-use-google-fonts-in-tailwind-css/,0,9,0%,20
https://www.benstrawbridge.com/links/seldon/,0,9,0%,20.89
https://www.benstrawbridge.com/tags/tailwind/,0,9,0%,22.89
https://www.benstrawbridge.com/tags/dogs/,0,9,0%,35.89
https://www.benstrawbridge.com/musical-genres/dance-punk/,0,9,0%,37.44
https://www.benstrawbridge.com/listening/artists/charlie-parker/,0,9,0%,40.78
https://www.benstrawbridge.com/musical-genres/ragtime/,0,9,0%,52.11
https://www.benstrawbridge.com/musical-genres/downtempo/,0,9,0%,61.56
https://www.benstrawbridge.com/tags/developer-tools/,0,9,0%,67
https://www.benstrawbridge.com/listening/artists/porno-for-pyros/,0,8,0%,6.75
https://www.benstrawbridge.com/listening/artists/patrick-gallois/,0,8,0%,7.38
https://www.benstrawbridge.com/musical-genres/solo-wave/,0,8,0%,8
https://www.benstrawbridge.com/musical-genres/german-jazz-rap/,0,8,0%,9
https://www.benstrawbridge.com/musical-genres/experimental-jazz/,0,8,0%,9.12
https://www.benstrawbridge.com/projects/content-adaptors/spotify/blackalicious/,0,8,0%,11
https://www.benstrawbridge.com/musical-genres/french-jazz/,0,8,0%,11.5
https://www.benstrawbridge.com/listening/artists/charles-mingus/,0,8,0%,12.75
https://www.benstrawbridge.com/musical-genres/texas-country/,0,8,0%,15.5
https://www.benstrawbridge.com/listening/artists/trampled-by-turtles/,0,8,0%,15.62
https://www.benstrawbridge.com/musical-genres/alternative-rock/,0,8,0%,17.62
https://www.benstrawbridge.com/listening/artists/ottorino-respighi/,0,8,0%,19.5
https://www.benstrawbridge.com/musical-genres/reggaeton/,0,8,0%,20
https://www.benstrawbridge.com/listening/artists/cross-canadian-ragweed/,0,8,0%,20.62
https://www.benstrawbridge.com/tags/ingredients/,0,8,0%,26
https://www.benstrawbridge.com/listening/artists/de-la-soul/,0,8,0%,28
https://www.benstrawbridge.com/listening/artists/kenny-dorham/,0,8,0%,33.75
https://www.benstrawbridge.com/listening/artists/camille-yarbrough/,0,7,0%,3.14
https://www.benstrawbridge.com/listening/artists/aaron-marcus/,0,7,0%,7.29
https://www.benstrawbridge.com/listening/artists/beastie-boys/,0,7,0%,8
https://www.benstrawbridge.com/listening/artists/thes-one/,0,7,0%,8.57
https://www.benstrawbridge.com/listening/artists/kenny-drew/,0,7,0%,9.43
https://www.benstrawbridge.com/musical-genres/indian-fusion/,0,7,0%,9.71
https://www.benstrawbridge.com/listening/artists/kenny-burrell/,0,7,0%,9.86
https://www.benstrawbridge.com/musical-genres/scratch/,0,7,0%,10.43
https://www.benstrawbridge.com/musical-genres/brass-band/,0,7,0%,10.57
https://www.benstrawbridge.com/listening/artists/aimee-vant/,0,7,0%,11.14
https://www.benstrawbridge.com/musical-genres/new-orleans-americana/,0,7,0%,11.14
https://www.benstrawbridge.com/musical-genres/girl-group/,0,7,0%,11.43
https://www.benstrawbridge.com/musical-genres/float-house/,0,7,0%,11.57
https://www.benstrawbridge.com/musical-genres/miami-indie/,0,7,0%,12
https://www.benstrawbridge.com/musical-genres/drone-folk/,0,7,0%,12.29
https://www.benstrawbridge.com/musical-genres/early-romantic-era/,0,7,0%,23.86
https://www.benstrawbridge.com/musical-genres/new-weird-america/,0,7,0%,24.43
https://www.benstrawbridge.com/listening/artists/linval-thompson/,0,7,0%,26.14
https://www.benstrawbridge.com/musical-genres/southern-hip-hop/,0,7,0%,26.29
https://www.benstrawbridge.com/musical-genres/hard-bop/,0,7,0%,31
https://www.benstrawbridge.com/musical-genres/shoegaze/,0,7,0%,33.57
https://www.benstrawbridge.com/tags/tailwind-css/,0,7,0%,38.14
https://www.benstrawbridge.com/musical-genres/fourth-world/,0,7,0%,39.86
https://www.benstrawbridge.com/musical-genres/uk-garage/,0,7,0%,56.14
https://www.benstrawbridge.com/links/page-speed-insights/,0,6,0%,3.67
https://www.benstrawbridge.com/tags/ryder-theme/,0,6,0%,5
https://www.benstrawbridge.com/links/css/,0,6,0%,6.17
https://www.benstrawbridge.com/listening/artists/mei-semones/,0,6,0%,6.33
https://www.benstrawbridge.com/musical-genres/old-school-hip-hop/,0,6,0%,6.67
https://www.benstrawbridge.com/musical-genres/country-rock/,0,6,0%,7
https://www.benstrawbridge.com/links/gallery-deluxe-theme/,0,6,0%,7.5
https://www.benstrawbridge.com/links/hugo-split-theme-for-maps-with-photos/,0,6,0%,7.67
https://www.benstrawbridge.com/musical-genres/political-hip-hop,0,6,0%,8.17
https://www.benstrawbridge.com/musical-genres/modern-blues-rock/,0,6,0%,8.33
https://www.benstrawbridge.com/listening/artists/roger-glenn/,0,6,0%,8.83
https://www.benstrawbridge.com/links/cormorant-garamond/,0,6,0%,9.33
https://www.benstrawbridge.com/listening/artists/the-wailers/,0,6,0%,9.83
https://www.benstrawbridge.com/projects/content-adaptors/,0,6,0%,10.17
https://www.benstrawbridge.com/listening/artists/ian-noe/,0,6,0%,10.5
https://www.benstrawbridge.com/projects/content-adaptors/spotify/gillian-welch/,0,6,0%,10.5
https://www.benstrawbridge.com/listening/artists/felix-mendelssohn/,0,6,0%,10.67
https://www.benstrawbridge.com/listening/artists/elvin-jones/,0,6,0%,10.83
https://www.benstrawbridge.com/links/ironies-of-automation/,0,6,0%,15.17
https://www.benstrawbridge.com/musical-genres/jazz-pop/,0,6,0%,17
https://www.benstrawbridge.com/musical-genres/alternative-country/,0,6,0%,19
https://www.benstrawbridge.com/listening/artists/the-mad-lads/,0,6,0%,19.67
https://www.benstrawbridge.com/listening/artists/mission-of-burma/,0,6,0%,20.83
https://www.benstrawbridge.com/listening/artists/rahsaan-roland-kirk/,0,6,0%,22.83
https://www.benstrawbridge.com/musical-genres/boogie-woogie,0,6,0%,25.67
https://www.benstrawbridge.com/listening/artists/stephen-wilson-jr/,0,6,0%,26
https://www.benstrawbridge.com/listening/artists/mulatu-astatke/,0,6,0%,33.5
https://www.benstrawbridge.com/listening/artists/chick-corea/,0,6,0%,33.67
https://www.benstrawbridge.com/links/hugo-pipes-revolution/,0,6,0%,36
https://www.benstrawbridge.com/musical-genres/folktronica/,0,6,0%,44.5
https://www.benstrawbridge.com/musical-genres/celtic/,0,6,0%,67.5
https://www.benstrawbridge.com/links/discover-awe-daily-with-oprah-and-dacher-keltner/,0,5,0%,6.6
https://www.benstrawbridge.com/listening/artists/junior-mance/,0,5,0%,7
https://www.benstrawbridge.com/projects/content-adaptors/spotify/ann-peebles/,0,5,0%,7
https://www.benstrawbridge.com/links/a-website-is-a-room/,0,5,0%,7.2
https://www.benstrawbridge.com/listening/artists/bo-staloch/,0,5,0%,7.6
https://www.benstrawbridge.com/listening/artists/ali-farka-toure/,0,5,0%,8
https://www.benstrawbridge.com/listening/artists/gillian-welch/,0,5,0%,8.6
https://www.benstrawbridge.com/posts/hugo_snippets/,0,5,0%,8.8
https://www.benstrawbridge.com/projects/content-adaptors/spotify/bobby-timmons/,0,5,0%,8.8
https://www.benstrawbridge.com/musical-genres/balkan-classical-piano/,0,5,0%,9
https://www.benstrawbridge.com/listening/artists/labi-siffre/,0,5,0%,9.2
https://www.benstrawbridge.com/musical-genres/nordic-classical-piano/,0,5,0%,9.2
https://www.benstrawbridge.com/listening/artists/little-river-band/,0,5,0%,9.4
https://www.benstrawbridge.com/listening/artists/charlie-parker-quartet/,0,5,0%,9.6
https://www.benstrawbridge.com/musical-genres/folk-punk/,0,5,0%,9.6
https://www.benstrawbridge.com/listening/artists/gregory-isaacs/,0,5,0%,10.4
https://www.benstrawbridge.com/listening/artists/baird-hersey-prana/,0,5,0%,11.6
https://www.benstrawbridge.com/musical-genres/uk-contemporary-jazz,0,5,0%,13.2
https://www.benstrawbridge.com/listening/artists/earl-hooker/,0,5,0%,13.6
https://www.benstrawbridge.com/musical-genres/microtonal/,0,5,0%,14
https://www.benstrawbridge.com/listening/artists/joe-zawinul/,0,5,0%,14.6
https://www.benstrawbridge.com/listening/artists/eric-b-rakim/,0,5,0%,16.2
https://www.benstrawbridge.com/musical-genres/boston-rock/,0,5,0%,16.8
https://www.benstrawbridge.com/listening/artists/the-soul-children/,0,5,0%,17.6
https://www.benstrawbridge.com/musical-genres/post-romantic-era,0,5,0%,17.6
https://www.benstrawbridge.com/listening/artists/busta-rhymes/,0,5,0%,20.4
https://www.benstrawbridge.com/listening/artists/evgeny-kissin/,0,5,0%,23.2
https://www.benstrawbridge.com/listening/artists/menahan-street-band/,0,5,0%,27.4
https://www.benstrawbridge.com/trails/arizona-hotspring-canyon-trail/,0,5,0%,45.8
https://www.benstrawbridge.com/musical-genres/classical-era/,0,5,0%,56.8
https://www.benstrawbridge.com/links/themify-icons/,0,5,0%,59
https://www.benstrawbridge.com/musical-genres/soca,0,5,0%,70.2
https://www.benstrawbridge.com/links/hugo-survival-guide/,0,4,0%,3
https://www.benstrawbridge.com/musical-genres/reggae-rock/,0,4,0%,4.75
https://www.benstrawbridge.com/links/elastic-ramen-agent-builder-cli/,0,4,0%,5.25
https://www.benstrawbridge.com/listening/artists/role-model/,0,4,0%,6
https://www.benstrawbridge.com/links/falsehoods-programmers-believe-about-time/,0,4,0%,6.25
https://www.benstrawbridge.com/links/matin-van-vreeden-image-shortcode/,0,4,0%,6.75
https://www.benstrawbridge.com/links/postholer-com-website-with-great-examples-of-integrated-interactive-maps/,0,4,0%,6.75
https://www.benstrawbridge.com/listening/artists/testiculo-y-uno/,0,4,0%,6.75
https://www.benstrawbridge.com/fineprint/spotify-data-use-disclosure/,0,4,0%,7
https://www.benstrawbridge.com/musical-genres/caucasian-classical-piano/,0,4,0%,7.25
https://www.benstrawbridge.com/links/devnodes-image-convert-guide/,0,4,0%,7.5
https://www.benstrawbridge.com/listening/artists/litige/,0,4,0%,7.5
https://www.benstrawbridge.com/projects/content-adaptors/spotify/brand-nubian/,0,4,0%,7.75
https://www.benstrawbridge.com/musical-genres/detroit-rock/,0,4,0%,8
https://www.benstrawbridge.com/listening/artists/led-zeppelin/,0,4,0%,8.5
https://www.benstrawbridge.com/listening/artists/taj-mahal/,0,4,0%,8.5
https://www.benstrawbridge.com/listening/artists/warren-g/,0,4,0%,8.75
https://www.benstrawbridge.com/listening/artists/darpan/,0,4,0%,9
https://www.benstrawbridge.com/listening/artists/dead-kennedys/,0,4,0%,9
https://www.benstrawbridge.com/listening/weekly/2026-w27/,0,4,0%,9.25
https://www.benstrawbridge.com/listening/artists/shakey-graves/,0,4,0%,9.5
https://www.benstrawbridge.com/musical-genres/pov-indie/,0,4,0%,9.5
https://www.benstrawbridge.com/listening/artists/chris-stapleton/,0,4,0%,9.75
https://www.benstrawbridge.com/listening/artists/artifakts/,0,4,0%,10.25
https://www.benstrawbridge.com/listening/artists/cut-chemist/,0,4,0%,10.25
https://www.benstrawbridge.com/projects/content-adaptors/spotify/beastie-boys/,0,4,0%,10.25
https://www.benstrawbridge.com/links/espn-nfl-apis/,0,4,0%,11
https://www.benstrawbridge.com/listening/weekly/,0,4,0%,11.75
https://www.benstrawbridge.com/listening/artists/joelton-mayfield/,0,4,0%,12.5
https://www.benstrawbridge.com/listening/artists/twiddle/,0,4,0%,12.5
https://www.benstrawbridge.com/musical-genres/modern-rock/,0,4,0%,13.25
https://www.benstrawbridge.com/listening/artists/ana-marija-markovina/,0,4,0%,15
https://www.benstrawbridge.com/listening/artists/the-viceroys/,0,4,0%,17.25
https://www.benstrawbridge.com/listening/artists/,0,4,0%,17.75
https://www.benstrawbridge.com/listening/artists/yo-yo-ma/,0,4,0%,21
https://www.benstrawbridge.com/musical-genres/southern-gothic/,0,4,0%,24
https://www.benstrawbridge.com/listening/artists/thelonious-monk/,0,4,0%,26
https://www.benstrawbridge.com/listening/artists/joy-oladokun/,0,4,0%,27
https://www.benstrawbridge.com/musical-genres/experimental-indie/,0,4,0%,27.5
https://www.benstrawbridge.com/listening/artists/joel-lyssarides/,0,4,0%,28.75
https://www.benstrawbridge.com/listening/artists/king-missile/,0,4,0%,29.25
https://www.benstrawbridge.com/listening/weekly/2026-w34/,0,4,0%,31
https://www.benstrawbridge.com/musical-genres/space-rock/,0,4,0%,31.75
https://www.benstrawbridge.com/listening/artists/albert-king/,0,4,0%,33.5
https://www.benstrawbridge.com/listening/artists/rufus-thomas/,0,4,0%,35.25
https://www.benstrawbridge.com/musical-genres/ragga/,0,4,0%,46.5
https://www.benstrawbridge.com/musical-genres/score,0,4,0%,66.5
https://www.benstrawbridge.com/listening/artists/childish-gambino/,0,3,0%,1
https://www.benstrawbridge.com/links/random-data-generator-api/,0,3,0%,3
https://www.benstrawbridge.com/listening/artists/nature-expedition/,0,3,0%,3
https://www.benstrawbridge.com/musical-genres/detroit-hip-hop,0,3,0%,4
https://www.benstrawbridge.com/listening/artists/annie-omalley/,0,3,0%,4.67
https://www.benstrawbridge.com/listening/artists/drayton-farley/,0,3,0%,5
https://www.benstrawbridge.com/listening/artists/the-last-poets/,0,3,0%,5
https://www.benstrawbridge.com/listening/artists/kokoroko/,0,3,0%,5.33
https://www.benstrawbridge.com/links/advanced-charting/,0,3,0%,5.67
https://www.benstrawbridge.com/projects/content-adaptors/spotify/handsome-boy-modeling-school/,0,3,0%,5.67
https://www.benstrawbridge.com/musical-genres/atl-hip-hop/,0,3,0%,6.33
https://www.benstrawbridge.com/musical-genres/underground-grunge/,0,3,0%,6.33
https://www.benstrawbridge.com/musical-genres/acoustic-punk/,0,3,0%,7
https://www.benstrawbridge.com/musical-genres/slowcore/,0,3,0%,7
https://www.benstrawbridge.com/links/is-group-chat-making-you-sweat/,0,3,0%,7.33
https://www.benstrawbridge.com/listening/artists/christopher-ferreira/,0,3,0%,7.33
https://www.benstrawbridge.com/listening/artists/elori-saxl/,0,3,0%,7.33
https://www.benstrawbridge.com/listening/artists/thriftworks/,0,3,0%,7.33
https://www.benstrawbridge.com/projects/content-adaptors/spotify/john-tejada/,0,3,0%,7.33
https://www.benstrawbridge.com/links/mushroom-causes-fairytale-like-hallucinations/,0,3,0%,7.67
https://www.benstrawbridge.com/listening/artists/thelonious-monk-septet/,0,3,0%,7.67
https://www.benstrawbridge.com/musical-genres/baroque-pop/,0,3,0%,7.67
https://www.benstrawbridge.com/musical-genres/harlem-hip-hop/,0,3,0%,7.67
https://www.benstrawbridge.com/listening/artists/herbie-hancock/,0,3,0%,8
https://www.benstrawbridge.com/listening/artists/raquel-martins/,0,3,0%,8
https://www.benstrawbridge.com/listening/artists/fugazi/,0,3,0%,8.33
https://www.benstrawbridge.com/listening/artists/jerry-garcia/,0,3,0%,8.33
https://www.benstrawbridge.com/listening/artists/slick-rick/,0,3,0%,8.33
https://www.benstrawbridge.com/listening/artists/the-soggy-bottom-boys/,0,3,0%,8.33
https://www.benstrawbridge.com/musical-genres/indorock/,0,3,0%,8.33
https://www.benstrawbridge.com/musical-genres/dusseldorf-electronic,0,3,0%,8.67
https://www.benstrawbridge.com/musical-genres/slam-poetry/,0,3,0%,8.67
https://www.benstrawbridge.com/musical-genres/straight-ahead-jazz,0,3,0%,8.67
https://www.benstrawbridge.com/projects/hiking/westchester-playa-vista-playa-del-rey-hiking-guide/ballona-wetlands/,0,3,0%,8.67
https://www.benstrawbridge.com/tags/everything,0,3,0%,8.67
https://www.benstrawbridge.com/listening/artists/ray-wylie-hubbard/,0,3,0%,9
https://www.benstrawbridge.com/listening/artists/screaming-lord-sutch/,0,3,0%,9
https://www.benstrawbridge.com/listening/artists/skee-lo/,0,3,0%,9
https://www.benstrawbridge.com/musical-genres/compositional-ambient/,0,3,0%,9
https://www.benstrawbridge.com/musical-genres/focus-beats/,0,3,0%,9
https://www.benstrawbridge.com/links/hugo-learn-theme/,0,3,0%,9.67
https://www.benstrawbridge.com/links/johannes-wienke-photography/,0,3,0%,9.67
https://www.benstrawbridge.com/listening/artists/hans-zimmer/,0,3,0%,10
https://www.benstrawbridge.com/musical-genres/baltimore-indie/,0,3,0%,10
https://www.benstrawbridge.com/projects/content-adaptors/spotify/gerry-mulligan-sextet/,0,3,0%,10
https://www.benstrawbridge.com/musical-genres/minimal-techno/,0,3,0%,10.33
https://www.benstrawbridge.com/musical-genres/rap-rock/,0,3,0%,10.33
https://www.benstrawbridge.com/musical-genres/spoken-word/,0,3,0%,10.33
https://www.benstrawbridge.com/musical-genres/cali-rap/,0,3,0%,10.67
https://www.benstrawbridge.com/listening/artists/gabriel-marcel/,0,3,0%,11.33
https://www.benstrawbridge.com/listening/artists/johannes-brahms/,0,3,0%,11.33
https://www.benstrawbridge.com/musical-genres/scottish-rock/,0,3,0%,11.33
https://www.benstrawbridge.com/musical-genres/indie-rock/,0,3,0%,11.67
https://www.benstrawbridge.com/links/a-nice-collection-of-partials-and-shortcodes-from-gethugothemes-available-as-individual-modules/,0,3,0%,13.33
https://www.benstrawbridge.com/listening/artists/dr-dre/,0,3,0%,14
https://www.benstrawbridge.com/musical-genres/lo-fi/,0,3,0%,14
https://www.benstrawbridge.com/musical-genres/quiet-storm/,0,3,0%,14
https://www.benstrawbridge.com/listening/artists/bobby-timmons/,0,3,0%,14.67
https://www.benstrawbridge.com/listening/artists/stella-miller/,0,3,0%,14.67
https://www.benstrawbridge.com/listening/artists/dizzy-gillespie/,0,3,0%,15.33
https://www.benstrawbridge.com/listening/artists/edvard-grieg/,0,3,0%,15.67
https://www.benstrawbridge.com/links/llmfit/,0,3,0%,18
https://www.benstrawbridge.com/musical-genres/grunge/,0,3,0%,18
https://www.benstrawbridge.com/musical-genres/jam-band/,0,3,0%,18
https://www.benstrawbridge.com/listening/artists/fenton-robinson/,0,3,0%,18.67
https://www.benstrawbridge.com/listening/artists/dj-king-assassin/,0,3,0%,20.67
https://www.benstrawbridge.com/listening/artists/the-olivia-tremor-control/,0,3,0%,21
https://www.benstrawbridge.com/listening/artists/oliver-anthony-music/,0,3,0%,25
https://www.benstrawbridge.com/musical-genres/folk-rock/,0,3,0%,25
https://www.benstrawbridge.com/listening/artists/orquestra-simfonica-de-barcelona-i-nacional-de-catalunya/,0,3,0%,25.67
https://www.benstrawbridge.com/musical-genres/noise-pop/,0,3,0%,26
https://www.benstrawbridge.com/listening/artists/countrys-family-reunion/,0,3,0%,27.67
https://www.benstrawbridge.com/listening/artists/a-tribe-called-quest/,0,3,0%,28
https://www.benstrawbridge.com/listening/artists/kaitlin-butts/,0,3,0%,28.67
https://www.benstrawbridge.com/listening/artists/marc-andre-hamelin/,0,3,0%,28.67
https://www.benstrawbridge.com/musical-genres/american-post-punk,0,3,0%,30.33
https://www.benstrawbridge.com/listening/artists/dangermuffin/,0,3,0%,32.67
https://www.benstrawbridge.com/musical-genres/experimental-hip-hop/,0,3,0%,34.67
https://www.benstrawbridge.com/listening/artists/steve-cropper/,0,3,0%,43.67
https://www.benstrawbridge.com/musical-genres/electronic/,0,3,0%,63.33
https://www.benstrawbridge.com/links/the-arkham-computer/,0,2,0%,1
https://www.benstrawbridge.com/listening/weekly/2026-w22/,0,2,0%,1
https://www.benstrawbridge.com/listening/artists/cran/,0,2,0%,2
https://www.benstrawbridge.com/categories/consulting/,0,2,0%,3
https://www.benstrawbridge.com/listening/artists/drive-by-truckers/,0,2,0%,3
https://www.benstrawbridge.com/listening/artists/robert-schumann/,0,2,0%,3.5
https://www.benstrawbridge.com/listening/weekly/2026-w32/,0,2,0%,3.5
https://www.benstrawbridge.com/musical-genres/dusseldorf-indie/,0,2,0%,3.5
https://www.benstrawbridge.com/tags/road-trip/,0,2,0%,3.5
https://www.benstrawbridge.com/links/papermod-variables/,0,2,0%,4.5
https://www.benstrawbridge.com/listening/artists/jid/,0,2,0%,4.5
https://www.benstrawbridge.com/listening/artists/london-symphony-orchestra/,0,2,0%,4.5
https://www.benstrawbridge.com/listening/weekly/2026-w18/,0,2,0%,4.5
https://www.benstrawbridge.com/musical-genres/old-school-atlanta-hip-hop/,0,2,0%,4.5
https://www.benstrawbridge.com/projects/content-adaptors/spotify/deltron-3030/,0,2,0%,4.5
https://www.benstrawbridge.com/projects/content-adaptors/spotify/howard-shelley/,0,2,0%,4.5
https://www.benstrawbridge.com/links/website-image-guide/,0,2,0%,5
https://www.benstrawbridge.com/listening/artists/harnam/,0,2,0%,5
https://www.benstrawbridge.com/listening/artists/harry-nilsson/,0,2,0%,5
https://www.benstrawbridge.com/listening/artists/mike-d/,0,2,0%,5
https://www.benstrawbridge.com/posts/li-po-heron-dance/,0,2,0%,5
https://www.benstrawbridge.com/links/very-clean-and-printable-resume-theme/,0,2,0%,5.5
https://www.benstrawbridge.com/listening/artists/bob-weir/,0,2,0%,5.5
https://www.benstrawbridge.com/listening/artists/charley-crockett/,0,2,0%,5.5
https://www.benstrawbridge.com/listening/artists/uncle-tupelo/,0,2,0%,5.5
https://www.benstrawbridge.com/tags/api-integration/,0,2,0%,5.5
https://www.benstrawbridge.com/listening/artists/daniel-donato/,0,2,0%,6
https://www.benstrawbridge.com/listening/artists/flatland-cavalry/,0,2,0%,6
https://www.benstrawbridge.com/listening/artists/little-feat/,0,2,0%,6
https://www.benstrawbridge.com/listening/artists/the-frogs/,0,2,0%,6
https://www.benstrawbridge.com/listening/artists/the-royal-scots-dragoon-guards/,0,2,0%,6
https://www.benstrawbridge.com/musical-genres/dusseldorf-electronic/,0,2,0%,6
https://www.benstrawbridge.com/projects/content-adaptors/spotify/the-books/,0,2,0%,6
https://www.benstrawbridge.com/tags/ocr/,0,2,0%,6
https://www.benstrawbridge.com/listening/artists/cassey-harrold/,0,2,0%,6.5
https://www.benstrawbridge.com/listening/artists/chris-potter/,0,2,0%,6.5
https://www.benstrawbridge.com/listening/artists/dolly-parton/,0,2,0%,6.5
https://www.benstrawbridge.com/listening/artists/modest-mussorgsky/,0,2,0%,6.5
https://www.benstrawbridge.com/musical-genres/chicago-hardcore/,0,2,0%,6.5
https://www.benstrawbridge.com/musical-genres/new-romantic,0,2,0%,6.5
https://www.benstrawbridge.com/musical-genres/uk-hip-hop/,0,2,0%,6.5
https://www.benstrawbridge.com/links/page-speed-checklist/,0,2,0%,7
https://www.benstrawbridge.com/listening/artists/baby-huey/,0,2,0%,7
https://www.benstrawbridge.com/listening/artists/dusty-springfield/,0,2,0%,7
https://www.benstrawbridge.com/listening/artists/paul-mccartney/,0,2,0%,7
https://www.benstrawbridge.com/listening/artists/the-greyboy-allstars/,0,2,0%,7
https://www.benstrawbridge.com/listening/artists/the-open-mind/,0,2,0%,7
https://www.benstrawbridge.com/listening/artists/the-third-bardo/,0,2,0%,7
https://www.benstrawbridge.com/musical-genres/chicano-rap/,0,2,0%,7
https://www.benstrawbridge.com/musical-genres/post-grunge,0,2,0%,7
https://www.benstrawbridge.com/links/the-muppets-on-nightline-abc-news-special-wall-street-and-the-economy-1987/,0,2,0%,7.5
https://www.benstrawbridge.com/listening/artists/deltron-3030/,0,2,0%,7.5
https://www.benstrawbridge.com/listening/artists/robert-johnson/,0,2,0%,7.5
https://www.benstrawbridge.com/tags/recipe-schema/,0,2,0%,7.5
https://www.benstrawbridge.com/fineprint/,0,2,0%,8
https://www.benstrawbridge.com/listening/artists/black-nile/,0,2,0%,8
https://www.benstrawbridge.com/listening/artists/common-rider/,0,2,0%,8
https://www.benstrawbridge.com/listening/artists/denzel-curry/,0,2,0%,8
https://www.benstrawbridge.com/listening/artists/lars-danielsson/,0,2,0%,8
https://www.benstrawbridge.com/listening/artists/nwa/,0,2,0%,8
https://www.benstrawbridge.com/listening/artists/old-crow-medicine-show/,0,2,0%,8
https://www.benstrawbridge.com/projects/content-adaptors/spotify/bud-powell-trio/,0,2,0%,8
https://www.benstrawbridge.com/listening/artists/butthole-surfers/,0,2,0%,8.5
https://www.benstrawbridge.com/listening/artists/caamp/,0,2,0%,8.5
https://www.benstrawbridge.com/listening/artists/carl-philipp-emanuel-bach/,0,2,0%,8.5
https://www.benstrawbridge.com/listening/artists/the-wimple-winch/,0,2,0%,8.5
https://www.benstrawbridge.com/listening/weekly/2026-w10/,0,2,0%,8.5
https://www.benstrawbridge.com/musical-genres/collage-pop/,0,2,0%,8.5
https://www.benstrawbridge.com/listening/artists/gnarls-barkley/,0,2,0%,9
https://www.benstrawbridge.com/listening/artists/joe-pass/,0,2,0%,9
https://www.benstrawbridge.com/listening/artists/kneecap/,0,2,0%,9
https://www.benstrawbridge.com/listening/artists/young-miko/,0,2,0%,9
https://www.benstrawbridge.com/listening/artists/yussef-dayes/,0,2,0%,9
https://www.benstrawbridge.com/musical-genres/classical/,0,2,0%,9
https://www.benstrawbridge.com/musical-genres/jazz-rock/,0,2,0%,9
https://www.benstrawbridge.com/projects/content-adaptors/spotify/flipper/,0,2,0%,9
https://www.benstrawbridge.com/projects/content-adaptors/spotify/j.-rawls/,0,2,0%,9
https://www.benstrawbridge.com/links/machine-learning-and-artificial-intelligence/,0,2,0%,9.5
https://www.benstrawbridge.com/listening/artists/franz-schubert/,0,2,0%,9.5
https://www.benstrawbridge.com/listening/artists/gerry-mulligan/,0,2,0%,9.5
https://www.benstrawbridge.com/listening/artists/karoly-botvay/,0,2,0%,9.5
https://www.benstrawbridge.com/listening/artists/zach-webb/,0,2,0%,9.5
https://www.benstrawbridge.com/listening/weekly/2026-w14/,0,2,0%,9.5
https://www.benstrawbridge.com/musical-genres/british-orchestra/,0,2,0%,9.5
https://www.benstrawbridge.com/musical-genres/free-improvisation/,0,2,0%,9.5
https://www.benstrawbridge.com/musical-genres/indie-soul/,0,2,0%,9.5
https://www.benstrawbridge.com/projects/content-adaptors/spotify/miles-davis-quintet/,0,2,0%,9.5
https://www.benstrawbridge.com/projects/product-marketing/catalog/bluestorm-cirrus-26-inflatable-life-jacket-pfd-for-adults/,0,2,0%,9.5
https://www.benstrawbridge.com/links/gallery-theme/,0,2,0%,10
https://www.benstrawbridge.com/listening/artists/billy-taylor/,0,2,0%,10
https://www.benstrawbridge.com/listening/artists/capleton/,0,2,0%,10
https://www.benstrawbridge.com/listening/artists/chet-baker-quartet/,0,2,0%,10
https://www.benstrawbridge.com/listening/artists/kendrick-lamar/,0,2,0%,10
https://www.benstrawbridge.com/listening/artists/mf-doom/,0,2,0%,10
https://www.benstrawbridge.com/musical-genres/british-alternative-rock/,0,2,0%,10
https://www.benstrawbridge.com/musical-genres/crunk,0,2,0%,10
https://www.benstrawbridge.com/musical-genres/memphis-blues,0,2,0%,10
https://www.benstrawbridge.com/musical-genres/memphis-blues/,0,2,0%,10
https://www.benstrawbridge.com/musical-genres/roots-rock/,0,2,0%,10
https://www.benstrawbridge.com/musical-genres/singer-songwriter/page/2/,0,2,0%,10
https://www.benstrawbridge.com/musical-genres/southern-rock/,0,2,0%,10
https://www.benstrawbridge.com/tags/playa-vista/,0,2,0%,10
https://www.benstrawbridge.com/links/titillium-web/,0,2,0%,10.5
https://www.benstrawbridge.com/listening/artists/junior-byles/,0,2,0%,10.5
https://www.benstrawbridge.com/musical-genres/album-rock/,0,2,0%,10.5
https://www.benstrawbridge.com/musical-genres/chapel-hill-sound/,0,2,0%,10.5
https://www.benstrawbridge.com/musical-genres/chicago-indie,0,2,0%,10.5
https://www.benstrawbridge.com/musical-genres/punk-blues/,0,2,0%,10.5
https://www.benstrawbridge.com/listening/artists/iris-dement/,0,2,0%,11
https://www.benstrawbridge.com/projects/content-adaptors/spotify/artifakts/,0,2,0%,11
https://www.benstrawbridge.com/projects/hiking/,0,2,0%,11
https://www.benstrawbridge.com/listening/artists/ahmad-jamal-trio/,0,2,0%,11.5
https://www.benstrawbridge.com/tags/obsidian/,0,2,0%,12
https://www.benstrawbridge.com/tags/work/,0,2,0%,12.5
https://www.benstrawbridge.com/links/tailwindcss-bg-color-gradient-guide/,0,2,0%,13
https://www.benstrawbridge.com/listening/artists/koe-wetzel/,0,2,0%,13
https://www.benstrawbridge.com/musical-genres/early-us-punk/,0,2,0%,13
https://www.benstrawbridge.com/listening/artists/johnny-blue-skies/,0,2,0%,14
https://www.benstrawbridge.com/listening/artists/miles-davis/,0,2,0%,14
https://www.benstrawbridge.com/musical-genres/scottish-indie/,0,2,0%,14
https://www.benstrawbridge.com/listening/artists/cage-the-elephant/,0,2,0%,14.5
https://www.benstrawbridge.com/listening/artists/karina-grace/,0,2,0%,14.5
https://www.benstrawbridge.com/listening/artists/orchestre-national-de-lyon/,0,2,0%,15
https://www.benstrawbridge.com/links/welcome-to-gas-town/,0,2,0%,15.5
https://www.benstrawbridge.com/listening/artists/john-hartford/,0,2,0%,15.5
https://www.benstrawbridge.com/listening/artists/eminem/,0,2,0%,16.5
https://www.benstrawbridge.com/tags/bluff-creek/,0,2,0%,16.5
https://www.benstrawbridge.com/listening/artists/the-beatles/,0,2,0%,18
https://www.benstrawbridge.com/listening/artists/yonder-mountain-string-band/,0,2,0%,18
https://www.benstrawbridge.com/musical-genres/indietronica/,0,2,0%,18
https://www.benstrawbridge.com/listening/artists/john-mclaughlin/,0,2,0%,18.5
https://www.benstrawbridge.com/listening/artists/ollie-the-nightingales/,0,2,0%,20.5
https://www.benstrawbridge.com/listening/artists/jigsy-king/,0,2,0%,24
https://www.benstrawbridge.com/musical-genres/hammond-organ/,0,2,0%,24.5
https://www.benstrawbridge.com/musical-genres/british-folk/,0,2,0%,25
https://www.benstrawbridge.com/musical-genres/jazz-guitar-trio/,0,2,0%,25.5
https://www.benstrawbridge.com/listening/artists/mike-scott/,0,2,0%,26
https://www.benstrawbridge.com/musical-genres/british-blues/,0,2,0%,26.5
https://www.benstrawbridge.com/links/baskerville/,0,2,0%,27
https://www.benstrawbridge.com/listening/artists/althea-and-donna/,0,2,0%,27.5
https://www.benstrawbridge.com/listening/artists/angine-de-poitrine/,0,2,0%,27.5
https://www.benstrawbridge.com/listening/artists/english-sinfonia/,0,2,0%,27.5
https://www.benstrawbridge.com/musical-genres/folk-pop,0,2,0%,28
https://www.benstrawbridge.com/tags/hugo/page/2/,0,2,0%,28.5
https://www.benstrawbridge.com/musical-genres/dance-pop/,0,2,0%,29
https://www.benstrawbridge.com/musical-genres/impressionism/,0,2,0%,30.5
https://www.benstrawbridge.com/listening/artists/gregory-uhlmann/,0,2,0%,33
https://www.benstrawbridge.com/musical-genres/garage-rock/,0,2,0%,33
https://www.benstrawbridge.com/listening/artists/junior-brown/,0,2,0%,37.5
https://www.benstrawbridge.com/projects/content-adaptors/spotify/alton-ellis/,0,2,0%,40.5
https://www.benstrawbridge.com/listening/artists/boris-giltburg/,0,2,0%,41
https://www.benstrawbridge.com/listening/artists/kitchen-dwellers/,0,2,0%,48
https://www.benstrawbridge.com/tags/productivity/,0,2,0%,52.5
https://www.benstrawbridge.com/musical-genres/jazz-piano/,0,2,0%,58
https://www.benstrawbridge.com/listening/artists/freddie-king/,0,2,0%,60.5
https://www.benstrawbridge.com/links/analytics/,0,1,0%,1
https://www.benstrawbridge.com/listening/artists/buck-owens/,0,1,0%,1
https://www.benstrawbridge.com/listening/artists/greta-van-fleet/,0,1,0%,1
https://www.benstrawbridge.com/listening/artists/jesse-mac-cormack/,0,1,0%,1
https://www.benstrawbridge.com/projects/content-adaptors/spotify/alexei-lubimov/,0,1,0%,1
https://www.benstrawbridge.com/tags/automation,0,1,0%,1
https://www.benstrawbridge.com/tags/beverage,0,1,0%,1
https://www.benstrawbridge.com/tags/maps/,0,1,0%,1
https://www.benstrawbridge.com/trails/bluff-creek-trail,0,1,0%,1
https://www.benstrawbridge.com/links/tailwind-components-css-gradient-generator/,0,1,0%,2
https://www.benstrawbridge.com/listening/artists/andre-previn/,0,1,0%,2
https://www.benstrawbridge.com/listening/artists/black-star/,0,1,0%,2
https://www.benstrawbridge.com/listening/artists/scratch-acid/,0,1,0%,2
https://www.benstrawbridge.com/listening/artists/sonny-clark/,0,1,0%,2
https://www.benstrawbridge.com/listening/artists/warren-zevon/,0,1,0%,2
https://www.benstrawbridge.com/tags/machine-learning/,0,1,0%,2
https://www.benstrawbridge.com/links/css-default-values-reference/,0,1,0%,3
https://www.benstrawbridge.com/listening/artists/dr-john/,0,1,0%,3
https://www.benstrawbridge.com/listening/artists/emerson-lake-palmer/,0,1,0%,3
https://www.benstrawbridge.com/listening/artists/floor-cry/,0,1,0%,3
https://www.benstrawbridge.com/listening/artists/grant-green/,0,1,0%,3
https://www.benstrawbridge.com/listening/artists/matthew-halsall/,0,1,0%,3
https://www.benstrawbridge.com/listening/artists/pink-floyd/,0,1,0%,3
https://www.benstrawbridge.com/musical-genres/detroit-indie,0,1,0%,3
https://www.benstrawbridge.com/musical-genres/dub-poetry/,0,1,0%,3
https://www.benstrawbridge.com/categories/consulting,0,1,0%,4
https://www.benstrawbridge.com/listening/artists/cuir/,0,1,0%,4
https://www.benstrawbridge.com/listening/artists/keith-jarrett/,0,1,0%,4
https://www.benstrawbridge.com/listening/artists/mac-miller/,0,1,0%,4
https://www.benstrawbridge.com/listening/artists/peter-tosh/,0,1,0%,4
https://www.benstrawbridge.com/listening/artists/red-garland-trio/,0,1,0%,4
https://www.benstrawbridge.com/listening/artists/zoot-sims/,0,1,0%,4
https://www.benstrawbridge.com/musical-genres/aor/,0,1,0%,4
https://www.benstrawbridge.com/musical-genres/soul-jazz/,0,1,0%,4
https://www.benstrawbridge.com/page/10/,0,1,0%,4
https://www.benstrawbridge.com/projects/recipes/moms-family-recipes-cookbook/grandmas-meatloaf/,0,1,0%,4
https://www.benstrawbridge.com/links/dnb-pictures/,0,1,0%,5
https://www.benstrawbridge.com/links/what-can-t-everyone-have-a-dog/,0,1,0%,5
https://www.benstrawbridge.com/listening/artists/bandit/,0,1,0%,5
https://www.benstrawbridge.com/listening/artists/daoud/,0,1,0%,5
https://www.benstrawbridge.com/listening/artists/earl-hines/,0,1,0%,5
https://www.benstrawbridge.com/listening/artists/feid/,0,1,0%,5
https://www.benstrawbridge.com/listening/artists/greg-spero/,0,1,0%,5
https://www.benstrawbridge.com/listening/artists/hurray-for-the-riff-raff/,0,1,0%,5
https://www.benstrawbridge.com/listening/artists/jerry-garcia-band/,0,1,0%,5
https://www.benstrawbridge.com/listening/artists/jimmy-smith/,0,1,0%,5
https://www.benstrawbridge.com/listening/artists/lori-mckenna/,0,1,0%,5
https://www.benstrawbridge.com/listening/artists/patty-griffin/,0,1,0%,5
https://www.benstrawbridge.com/listening/artists/sierra-ferrell/,0,1,0%,5
https://www.benstrawbridge.com/listening/artists/the-gun-club/,0,1,0%,5
https://www.benstrawbridge.com/musical-genres/art-pop/,0,1,0%,5
https://www.benstrawbridge.com/musical-genres/harmonica-blues/,0,1,0%,5
https://www.benstrawbridge.com/musical-genres/orchestra/,0,1,0%,5
https://www.benstrawbridge.com/musical-genres/southern-soul/,0,1,0%,5
https://www.benstrawbridge.com/links/bestand-org/,0,1,0%,6
https://www.benstrawbridge.com/links/transform-tools/,0,1,0%,6
https://www.benstrawbridge.com/links/zipline/,0,1,0%,6
https://www.benstrawbridge.com/listening/artists/albert-ayler/,0,1,0%,6
https://www.benstrawbridge.com/listening/artists/big-black/,0,1,0%,6
https://www.benstrawbridge.com/listening/artists/billy-strings/,0,1,0%,6
https://www.benstrawbridge.com/listening/artists/e-40/,0,1,0%,6
https://www.benstrawbridge.com/listening/artists/elvis-costello/,0,1,0%,6
https://www.benstrawbridge.com/listening/artists/gil-evans/,0,1,0%,6
https://www.benstrawbridge.com/listening/artists/lakecia-benjamin/,0,1,0%,6
https://www.benstrawbridge.com/listening/artists/primus/,0,1,0%,6
https://www.benstrawbridge.com/listening/artists/willie-nelson/,0,1,0%,6
https://www.benstrawbridge.com/listening/weekly/2026-w20/,0,1,0%,6
https://www.benstrawbridge.com/musical-genres/alternative-metal/,0,1,0%,6
https://www.benstrawbridge.com/musical-genres/contemporary-classical/,0,1,0%,6
https://www.benstrawbridge.com/musical-genres/german-romanticism/,0,1,0%,6
https://www.benstrawbridge.com/musical-genres/gnawa,0,1,0%,6
https://www.benstrawbridge.com/projects/content-adaptors/spotify/charlie-parker-quartet/,0,1,0%,6
https://www.benstrawbridge.com/tags/oblargh/,0,1,0%,6
https://www.benstrawbridge.com/tags/product-development/,0,1,0%,6
https://www.benstrawbridge.com/listening/artists/allman-brothers-band/,0,1,0%,7
https://www.benstrawbridge.com/listening/artists/art-ensemble-of-chicago/,0,1,0%,7
https://www.benstrawbridge.com/listening/artists/christian-borle/,0,1,0%,7
https://www.benstrawbridge.com/listening/artists/digable-planets/,0,1,0%,7
https://www.benstrawbridge.com/listening/artists/dire-straits/,0,1,0%,7
https://www.benstrawbridge.com/listening/artists/edward-elgar/,0,1,0%,7
https://www.benstrawbridge.com/listening/artists/fontella-bass/,0,1,0%,7
https://www.benstrawbridge.com/listening/artists/gil-scott-heron/,0,1,0%,7
https://www.benstrawbridge.com/listening/artists/igor-stravinsky/,0,1,0%,7
https://www.benstrawbridge.com/listening/artists/ike-quebec/,0,1,0%,7
https://www.benstrawbridge.com/listening/artists/jack-johnson/,0,1,0%,7
https://www.benstrawbridge.com/listening/artists/madonna/,0,1,0%,7
https://www.benstrawbridge.com/listening/artists/mary-lou-williams/,0,1,0%,7
https://www.benstrawbridge.com/listening/artists/mountain-grass-unit/,0,1,0%,7
https://www.benstrawbridge.com/listening/artists/smog/,0,1,0%,7
https://www.benstrawbridge.com/listening/artists/stanley-jordan/,0,1,0%,7
https://www.benstrawbridge.com/listening/artists/walter-smith-iii/,0,1,0%,7
https://www.benstrawbridge.com/listening/artists/young-marble-giants/,0,1,0%,7
https://www.benstrawbridge.com/musical-genres/detroit-hip-hop/,0,1,0%,7
https://www.benstrawbridge.com/musical-genres/gnawa/,0,1,0%,7
https://www.benstrawbridge.com/musical-genres/new-americana/,0,1,0%,7
https://www.benstrawbridge.com/musical-genres/supergroup,0,1,0%,7
https://www.benstrawbridge.com/projects/content-adaptors/spotify/daniil-trifonov/,0,1,0%,7
https://www.benstrawbridge.com/projects/content-adaptors/spotify/gerald-peregrine/,0,1,0%,7
https://www.benstrawbridge.com/projects/content-adaptors/spotify/tommy-flanagan-trio/,0,1,0%,7
https://www.benstrawbridge.com/tags/playa-vista,0,1,0%,7
https://www.benstrawbridge.com/links/claude-code/,0,1,0%,8
https://www.benstrawbridge.com/links/gs-quant/,0,1,0%,8
https://www.benstrawbridge.com/listening/artists/2pac/,0,1,0%,8
https://www.benstrawbridge.com/listening/artists/billy-childs/,0,1,0%,8
https://www.benstrawbridge.com/listening/artists/buffalo-springfield/,0,1,0%,8
https://www.benstrawbridge.com/listening/artists/howlin-wolf/,0,1,0%,8
https://www.benstrawbridge.com/listening/artists/kacey-musgraves/,0,1,0%,8
https://www.benstrawbridge.com/listening/artists/maurice-white/,0,1,0%,8
https://www.benstrawbridge.com/listening/artists/muzio-clementi/,0,1,0%,8
https://www.benstrawbridge.com/listening/artists/naomi-sharon/,0,1,0%,8
https://www.benstrawbridge.com/listening/artists/pere-ubu/,0,1,0%,8
https://www.benstrawbridge.com/listening/artists/shuggie-otis/,0,1,0%,8
https://www.benstrawbridge.com/listening/artists/silver-jews/,0,1,0%,8
https://www.benstrawbridge.com/listening/artists/sonny-boy-williamson-ii/,0,1,0%,8
https://www.benstrawbridge.com/listening/artists/sonny-rollins/,0,1,0%,8
https://www.benstrawbridge.com/listening/artists/the-dead-milkmen/,0,1,0%,8
https://www.benstrawbridge.com/listening/weekly/2026-w08/,0,1,0%,8
https://www.benstrawbridge.com/musical-genres/aor,0,1,0%,8
https://www.benstrawbridge.com/musical-genres/east-coast-reggae/,0,1,0%,8
https://www.benstrawbridge.com/musical-genres/lo-fi-latino/,0,1,0%,8
https://www.benstrawbridge.com/musical-genres/neoclassicism/,0,1,0%,8
https://www.benstrawbridge.com/musical-genres/synth-punk,0,1,0%,8
https://www.benstrawbridge.com/musical-genres/uk-contemporary-jazz/,0,1,0%,8
https://www.benstrawbridge.com/page/8/,0,1,0%,8
https://www.benstrawbridge.com/projects/content-adaptors/spotify/erick-sermon/,0,1,0%,8
https://www.benstrawbridge.com/projects/content-adaptors/spotify/the-viceroys/,0,1,0%,8
https://www.benstrawbridge.com/everything-everywhere/page/66/,0,1,0%,9
https://www.benstrawbridge.com/links/hugo-in-action-by-atishay-jain/,0,1,0%,9
https://www.benstrawbridge.com/links/noah-purifoy/,0,1,0%,9
https://www.benstrawbridge.com/links/the-second-version-arts-link-com-circa-2002/,0,1,0%,9
https://www.benstrawbridge.com/listening/artists/alex-warren/,0,1,0%,9
https://www.benstrawbridge.com/listening/artists/bonnie-raitt/,0,1,0%,9
https://www.benstrawbridge.com/listening/artists/buju-banton/,0,1,0%,9
https://www.benstrawbridge.com/listening/artists/carla-thomas/,0,1,0%,9
https://www.benstrawbridge.com/listening/artists/evgeny-zarafiants/,0,1,0%,9
https://www.benstrawbridge.com/listening/artists/gayle/,0,1,0%,9
https://www.benstrawbridge.com/listening/artists/hank-mobley/,0,1,0%,9
https://www.benstrawbridge.com/listening/artists/idris-muhammad/,0,1,0%,9
https://www.benstrawbridge.com/listening/artists/ivan-conti/,0,1,0%,9
https://www.benstrawbridge.com/listening/artists/jimi-hendrix/,0,1,0%,9
https://www.benstrawbridge.com/listening/artists/jupiter-grains/,0,1,0%,9
https://www.benstrawbridge.com/listening/artists/outkast/,0,1,0%,9
https://www.benstrawbridge.com/listening/artists/peter-erskine/,0,1,0%,9
https://www.benstrawbridge.com/listening/artists/pigeondust/,0,1,0%,9
https://www.benstrawbridge.com/listening/artists/punkcake/,0,1,0%,9
https://www.benstrawbridge.com/listening/artists/ray-bryant/,0,1,0%,9
https://www.benstrawbridge.com/listening/artists/ryan-bingham/,0,1,0%,9
https://www.benstrawbridge.com/listening/artists/simon-garfunkel/,0,1,0%,9
https://www.benstrawbridge.com/listening/artists/sturgill-simpson/,0,1,0%,9
https://www.benstrawbridge.com/listening/artists/terrace-martin/,0,1,0%,9
https://www.benstrawbridge.com/listening/artists/the-pharcyde/,0,1,0%,9
https://www.benstrawbridge.com/listening/artists/the-wood-brothers/,0,1,0%,9
https://www.benstrawbridge.com/listening/weekly/2026-w07/,0,1,0%,9
https://www.benstrawbridge.com/musical-genres/american-modern-classical,0,1,0%,9
https://www.benstrawbridge.com/musical-genres/austrian-classical-piano/,0,1,0%,9
https://www.benstrawbridge.com/musical-genres/bristol-indie/,0,1,0%,9
https://www.benstrawbridge.com/musical-genres/british-classical-piano,0,1,0%,9
https://www.benstrawbridge.com/musical-genres/ethiopian-jazz/,0,1,0%,9
https://www.benstrawbridge.com/musical-genres/experimental-ambient/,0,1,0%,9
https://www.benstrawbridge.com/musical-genres/jazz-boom-bap/,0,1,0%,9
https://www.benstrawbridge.com/musical-genres/jazz-double-bass/,0,1,0%,9
https://www.benstrawbridge.com/musical-genres/louisiana-blues/,0,1,0%,9
https://www.benstrawbridge.com/musical-genres/minimal-tech-house/,0,1,0%,9
https://www.benstrawbridge.com/musical-genres/nashville-singer-songwriter/,0,1,0%,9
https://www.benstrawbridge.com/musical-genres/new-orleans-funk/,0,1,0%,9
https://www.benstrawbridge.com/musical-genres/plunderphonics/,0,1,0%,9
https://www.benstrawbridge.com/musical-genres/pop/,0,1,0%,9
https://www.benstrawbridge.com/musical-genres/proto-punk,0,1,0%,9
https://www.benstrawbridge.com/musical-genres/riot-grrrl/,0,1,0%,9
https://www.benstrawbridge.com/musical-genres/totalism,0,1,0%,9
https://www.benstrawbridge.com/musical-genres/traditional-country/,0,1,0%,9
https://www.benstrawbridge.com/musical-genres/west-coast-hip-hop,0,1,0%,9
https://www.benstrawbridge.com/musical-genres/zydeco/,0,1,0%,9
https://www.benstrawbridge.com/page/14/,0,1,0%,9
https://www.benstrawbridge.com/projects/content-adaptors/spotify/chet-baker-quartet/,0,1,0%,9
https://www.benstrawbridge.com/tags/work-in-progress/,0,1,0%,9
https://www.benstrawbridge.com/links/arts-link-com/,0,1,0%,10
https://www.benstrawbridge.com/links/chalkduster-font/,0,1,0%,10
https://www.benstrawbridge.com/links/pig-js-progressive-image-gallery/,0,1,0%,10
https://www.benstrawbridge.com/listening/artists/allison-young/,0,1,0%,10
https://www.benstrawbridge.com/listening/artists/art-blakey-the-jazz-messengers/,0,1,0%,10
https://www.benstrawbridge.com/listening/artists/berlioz/,0,1,0%,10
https://www.benstrawbridge.com/listening/artists/daniel-barenboim/,0,1,0%,10
https://www.benstrawbridge.com/listening/artists/david-allan-coe/,0,1,0%,10
https://www.benstrawbridge.com/listening/artists/frank-zappa/,0,1,0%,10
https://www.benstrawbridge.com/listening/artists/gerry-rafferty/,0,1,0%,10
https://www.benstrawbridge.com/listening/artists/gorillaz/,0,1,0%,10
https://www.benstrawbridge.com/listening/artists/jackson-browne/,0,1,0%,10
https://www.benstrawbridge.com/listening/artists/joan-armatrading/,0,1,0%,10
https://www.benstrawbridge.com/listening/artists/luc-beausejour/,0,1,0%,10
https://www.benstrawbridge.com/listening/artists/okonski/,0,1,0%,10
https://www.benstrawbridge.com/listening/artists/rage-against-the-machine/,0,1,0%,10
https://www.benstrawbridge.com/listening/artists/ron-carter/,0,1,0%,10
https://www.benstrawbridge.com/listening/artists/sister-nancy/,0,1,0%,10
https://www.benstrawbridge.com/listening/artists/slovak-philharmonic/,0,1,0%,10
https://www.benstrawbridge.com/listening/artists/the-beach-boys/,0,1,0%,10
https://www.benstrawbridge.com/listening/artists/the-cure/,0,1,0%,10
https://www.benstrawbridge.com/listening/artists/the-dare/,0,1,0%,10
https://www.benstrawbridge.com/listening/artists/tim-hardin/,0,1,0%,10
https://www.benstrawbridge.com/listening/artists/umphreys-mcgee/,0,1,0%,10
https://www.benstrawbridge.com/musical-genres/afropop,0,1,0%,10
https://www.benstrawbridge.com/musical-genres/american-modern-classical/,0,1,0%,10
https://www.benstrawbridge.com/musical-genres/british-jazz/,0,1,0%,10
https://www.benstrawbridge.com/musical-genres/heartland-rock/,0,1,0%,10
https://www.benstrawbridge.com/musical-genres/instrumental-soul/,0,1,0%,10
https://www.benstrawbridge.com/musical-genres/neo-rb/,0,1,0%,10
https://www.benstrawbridge.com/musical-genres/scratch,0,1,0%,10
https://www.benstrawbridge.com/musical-genres/torch-song/,0,1,0%,10
https://www.benstrawbridge.com/projects/content-adaptors/spotify/carla-thomas/,0,1,0%,10
https://www.benstrawbridge.com/projects/recipes/moms-family-recipes-cookbook/mashies/,0,1,0%,10
https://www.benstrawbridge.com/tags/images/,0,1,0%,10
https://www.benstrawbridge.com/listening/artists/aaron-parks/,0,1,0%,11
https://www.benstrawbridge.com/listening/artists/dexter-gordon/,0,1,0%,11
https://www.benstrawbridge.com/listening/artists/george-harrison/,0,1,0%,11
https://www.benstrawbridge.com/listening/artists/grateful-dead/,0,1,0%,11
https://www.benstrawbridge.com/listening/artists/jitka-cechova/,0,1,0%,11
https://www.benstrawbridge.com/listening/artists/john-anderson/,0,1,0%,11
https://www.benstrawbridge.com/listening/artists/pete-bas/,0,1,0%,11
https://www.benstrawbridge.com/listening/artists/robert-plane/,0,1,0%,11
https://www.benstrawbridge.com/listening/artists/snoop-dogg/,0,1,0%,11
https://www.benstrawbridge.com/listening/artists/the-deslondes/,0,1,0%,11
https://www.benstrawbridge.com/listening/artists/the-sick-man-of-europe/,0,1,0%,11
https://www.benstrawbridge.com/listening/artists/yaeow/,0,1,0%,11
https://www.benstrawbridge.com/musical-genres/big-band/,0,1,0%,11
https://www.benstrawbridge.com/musical-genres/dc-hardcore/,0,1,0%,11
https://www.benstrawbridge.com/musical-genres/grime/,0,1,0%,11
https://www.benstrawbridge.com/musical-genres/harpsichord/,0,1,0%,11
https://www.benstrawbridge.com/musical-genres/psychedelic-punk/,0,1,0%,11
https://www.benstrawbridge.com/musical-genres/queens-hip-hop,0,1,0%,11
https://www.benstrawbridge.com/musical-genres/retro-soul/,0,1,0%,11
https://www.benstrawbridge.com/musical-genres/stride/,0,1,0%,11
https://www.benstrawbridge.com/posts/adding-leaflet-to-ryder-theme/,0,1,0%,11
https://www.benstrawbridge.com/posts/extreme-geomagnetic-storm-photography/,0,1,0%,11
https://www.benstrawbridge.com/posts/pines-image-gallery-with-hugo/,0,1,0%,11
https://www.benstrawbridge.com/projects/content-adaptors/spotify/scott-st.-john/,0,1,0%,11
https://www.benstrawbridge.com/tags/disclosure/,0,1,0%,11
https://www.benstrawbridge.com/trails/san-gabriel-mount-dissapointment-lowe-markham/,0,1,0%,11
https://www.benstrawbridge.com/links/mozilla-state-of-the-internet/,0,1,0%,12
https://www.benstrawbridge.com/listening/artists/joni-mitchell/,0,1,0%,12
https://www.benstrawbridge.com/listening/artists/lester-young/,0,1,0%,12
https://www.benstrawbridge.com/listening/artists/the-fall/,0,1,0%,12
https://www.benstrawbridge.com/listening/artists/weedthief/,0,1,0%,12
https://www.benstrawbridge.com/listening/artists/will-sessions/,0,1,0%,12
https://www.benstrawbridge.com/musical-genres/jazz-trumpet/,0,1,0%,12
https://www.benstrawbridge.com/musical-genres/neo-psychedelic/,0,1,0%,12
https://www.benstrawbridge.com/musical-genres/singer-songwriter-pop,0,1,0%,12
https://www.benstrawbridge.com/musical-genres/scottish-singer-songwriter/,0,1,0%,13
https://www.benstrawbridge.com/links/matthew-cassman/,0,1,0%,14
https://www.benstrawbridge.com/listening/weekly/2026-w35/,0,1,0%,14
https://www.benstrawbridge.com/musical-genres/swing-music,0,1,0%,15
https://www.benstrawbridge.com/projects/content-adaptors/spotify/nucleus/,0,1,0%,15
https://www.benstrawbridge.com/listening/artists/art-blakey/,0,1,0%,16
https://www.benstrawbridge.com/tags/communication/,0,1,0%,16
https://www.benstrawbridge.com/links/fictive-kin-web-systems/,0,1,0%,17
https://www.benstrawbridge.com/musical-genres/new-age/,0,1,0%,18
https://www.benstrawbridge.com/listening/artists/cymande/,0,1,0%,19
https://www.benstrawbridge.com/musical-genres/cold-wave/,0,1,0%,19
https://www.benstrawbridge.com/musical-genres/hardcore-punk,0,1,0%,19
https://www.benstrawbridge.com/musical-genres/colombian-pop/,0,1,0%,20
https://www.benstrawbridge.com/musical-genres/modern-indie-pop,0,1,0%,20
https://www.benstrawbridge.com/page/34/,0,1,0%,20
https://www.benstrawbridge.com/projects/content-adaptors/spotify/alice-sara-ott/,0,1,0%,21
https://www.benstrawbridge.com/projects/content-adaptors/spotify/gil-evans/,0,1,0%,21
https://www.benstrawbridge.com/listening/artists/barrington-levy/,0,1,0%,22
https://www.benstrawbridge.com/musical-genres/electric-blues/,0,1,0%,23
https://www.benstrawbridge.com/musical-genres/rock/,0,1,0%,24
https://www.benstrawbridge.com/musical-genres/vocal-jazz/,0,1,0%,24
https://www.benstrawbridge.com/links/resource-for-setting-up-hugo-with-tailwindcss/,0,1,0%,25
https://www.benstrawbridge.com/listening/artists/daryl-hall-john-oates/,0,1,0%,25
https://www.benstrawbridge.com/listening/artists/tom-t-hall/,0,1,0%,26
https://www.benstrawbridge.com/listening/artists/king-curtis/,0,1,0%,27
https://www.benstrawbridge.com/musical-genres/stomp-and-holler/,0,1,0%,27
https://www.benstrawbridge.com/tags/family-recipes/,0,1,0%,27
https://www.benstrawbridge.com/listening/artists/john-abercrombie/,0,1,0%,28
https://www.benstrawbridge.com/tags/featured-link,0,1,0%,29
https://www.benstrawbridge.com/listening/artists/willow-avalon/,0,1,0%,30
https://www.benstrawbridge.com/musical-genres/devotional/,0,1,0%,30
https://www.benstrawbridge.com/projects/content-adaptors/spotify/elvin-jones/,0,1,0%,30
https://www.benstrawbridge.com/listening/artists/billy-bragg/,0,1,0%,32
https://www.benstrawbridge.com/listening/artists/radu-lupu/,0,1,0%,32
https://www.benstrawbridge.com/musical-genres/nu-jazz,0,1,0%,33
https://www.benstrawbridge.com/tags/product-site/,0,1,0%,34
https://www.benstrawbridge.com/links/papermod-theme/,0,1,0%,37
https://www.benstrawbridge.com/links/tailwind-css-docs/,0,1,0%,37
https://www.benstrawbridge.com/listening/artists/dylan-gossett/,0,1,0%,37
https://www.benstrawbridge.com/listening/artists/karen-dalton/,0,1,0%,37
https://www.benstrawbridge.com/listening/artists/ludwig-van-beethoven/,0,1,0%,38
https://www.benstrawbridge.com/listening/artists/mark-william-lewis/,0,1,0%,38
https://www.benstrawbridge.com/listening/artists/vladimir-ashkenazy/,0,1,0%,40
https://www.benstrawbridge.com/musical-genres/electroclash/,0,1,0%,40
https://www.benstrawbridge.com/musical-genres/dancehall/,0,1,0%,43
https://www.benstrawbridge.com/musical-genres/smooth-jazz/,0,1,0%,43
https://www.benstrawbridge.com/listening/artists/erick-sermon/,0,1,0%,48
https://www.benstrawbridge.com/listening/artists/blackberry-smoke/,0,1,0%,49
https://www.benstrawbridge.com/listening/artists/dillard-clark/,0,1,0%,52
https://www.benstrawbridge.com/musical-genres/riddim/,0,1,0%,53
https://www.benstrawbridge.com/musical-genres/japanese-beats/,0,1,0%,54
https://www.benstrawbridge.com/listening/artists/andrew-wasylyk/,0,1,0%,57
https://www.benstrawbridge.com/projects/recipes/moms-family-recipes-cookbook/lemon-mint/,0,1,0%,57
https://www.benstrawbridge.com/listening/artists/dan-auerbach/,0,1,0%,61
https://www.benstrawbridge.com/listening/artists/mitsuko-uchida/,0,1,0%,61
https://www.benstrawbridge.com/projects/content-adaptors/spotify/greg-spero/,0,1,0%,67
https://www.benstrawbridge.com/listening/artists/gang-of-four/,0,1,0%,72
https://www.benstrawbridge.com/musical-genres/idm/,0,1,0%,75
https://www.benstrawbridge.com/listening/artists/art-farmer/,0,1,0%,76
https://www.benstrawbridge.com/links/tailwind-starter-kit/,0,1,0%,77
https://www.benstrawbridge.com/listening/artists/clifford-brown/,0,1,0%,78
https://www.benstrawbridge.com/musical-genres/afroswing/,0,1,0%,82
https://www.benstrawbridge.com/listening/artists/thandii/,0,1,0%,84
https://www.benstrawbridge.com/tags/emergency-prep/,0,1,0%,86
https://www.benstrawbridge.com/listening/artists/alton-ellis/,0,1,0%,94