Top queries,Clicks,Impressions,CTR,Position
bluff creek trail,17,953,1.78%,6.47
bluff creek trail playa vista,11,168,6.55%,4.83
bluff creek trail parking,10,81,12.35%,3.04
bluffs creek trail,8,370,2.16%,6.8
ben strawbridge,8,53,15.09%,2.89
gbvfi,2,444,0.45%,7.4
playa vista parks,2,87,2.3%,8.85
jet pets lax,1,204,0.49%,9.84
crank wave,1,179,0.56%,13.06
the equals,1,99,1.01%,2.36
sat-chit delfines,1,74,1.35%,10.45
bluff creek trail los angeles,1,72,1.39%,6.38
pick a square,1,48,2.08%,7
lmu trail,1,30,3.33%,4.57
dangerousroads.org,1,29,3.45%,5.03
amazon affiliate disclosure statement,1,27,3.7%,10.56
lmu hiking trail,1,23,4.35%,3.04
bluff trail,1,11,9.09%,40.82
indie jazz bands,1,6,16.67%,11.83
playa vista,1,3,33.33%,3
remy sher,1,2,50%,10.5
la hikes with waterfalls,1,1,100%,2
how long is it,1,1,100%,4
"""https://i.scdn.co/image/ab6761610000e5eb94a8326675bfcafb20f0a235""",0,640,0%,5.94
https://i.scdn.co/image/ab6761610000e5eb94a8326675bfcafb20f0a235,0,563,0%,6.35
"""i.scdn.co/image/ab6761610000e5eb94a8326675bfcafb20f0a235""",0,363,0%,6.74
no wave,0,292,0%,46.92
del rey lagoon park,0,232,0%,11.18
del rey lagoon,0,214,0%,10.95
crank wave genre,0,158,0%,10.4
bluff creek park playa vista,0,152,0%,8.53
playa del rey lagoon,0,150,0%,10.56
rss feed to xml,0,147,0%,58.1
experimental rock music,0,136,0%,27.36
slacker rock,0,118,0%,23.97
chamber pop music,0,105,0%,32.05
permanent wave genre,0,89,0%,11.12
jazz fusion,0,86,0%,33.27
playa vista dog park,0,85,0%,10.76
adult standards genre,0,78,0%,10.5
ahmad jamal,0,77,0%,31.35
indie jazz,0,75,0%,11.59
site:www.benstrawbridge.com,0,74,0%,40.32
jazz quartets,0,72,0%,21.11
amazon affiliate disclosure,0,71,0%,26.45
parks in playa vista,0,65,0%,8.35
permanent wave music,0,65,0%,19.08
urbano latino music,0,65,0%,25.8
bluff trail park,0,62,0%,11.39
playa vista trail,0,60,0%,9.13
metropopolis,0,59,0%,10.58
art punk music,0,56,0%,11.71
sat-chit delfines • 963 hz,0,53,0%,9.92
hyphy music,0,53,0%,51.62
hugo new content,0,52,0%,8.9
del ray lagoon,0,52,0%,10.35
gbvfi music,0,50,0%,7.7
mellow gold genre,0,49,0%,10.18
xml feed,0,49,0%,71.02
rss xml,0,47,0%,70
i.scdn.co/image/ab6761610000e5eb94a8326675bfcafb20f0a235,0,46,0%,6.13
jacob funch,0,43,0%,8.44
tommy flanagan jazz,0,42,0%,22.79
bebop,0,42,0%,36.81
larry coryell,0,40,0%,28.2
cool jazz,0,40,0%,39.83
golden beet smoothie,0,38,0%,7.63
neo mellow,0,38,0%,9.42
hayley sakkara,0,38,0%,12.11
playa vista sports park,0,37,0%,18.05
bennie maupin,0,37,0%,21.78
experimental rock,0,37,0%,24.32
pavement,0,37,0%,45.22
feed xml,0,37,0%,55.43
"""instrumental funk music | discogs""",0,36,0%,8.31
urbano latino genre,0,35,0%,10.74
benjamin strawbridge,0,33,0%,8
crank wave bands,0,33,0%,11.82
playa vista park,0,33,0%,12.85
adult standards,0,33,0%,14.12
hampton hawes,0,32,0%,2.84
no wave music,0,31,0%,52.68
choose a square,0,30,0%,8.97
jazz indie,0,30,0%,14.5
bud powell,0,30,0%,28.23
pick square,0,29,0%,8.38
westchester bluffs,0,29,0%,19.21
jazz ballads,0,29,0%,30.93
chamber pop,0,29,0%,31.17
alt country,0,29,0%,40.83
rss feed xml,0,29,0%,70.66
fats navarro,0,28,0%,27.46
jazz ballad,0,28,0%,39.96
oscar peterson trio,0,26,0%,6.38
crankwave,0,26,0%,11.62
jazz rap,0,26,0%,56.04
adult standards music genre,0,25,0%,10.64
pick a square game,0,24,0%,6.33
beet mango smoothie,0,24,0%,8.04
eteri andjaparidze,0,23,0%,8
park playa vista,0,23,0%,13.26
psychedelic soul music,0,23,0%,37.52
tape club genre,0,22,0%,9.55
crank genre,0,22,0%,10.45
contemporary country,0,22,0%,33.68
amazon affiliate disclosure example,0,22,0%,39.55
urbano genre,0,20,0%,11.5
dog park playa vista,0,20,0%,12.4
what is permanent wave music,0,20,0%,18.6
rss feed format example,0,20,0%,83.3
west coast genre,0,19,0%,10.84
oberrieder dog park,0,19,0%,12.95
indie jazz artists,0,19,0%,28.26
amazon affiliate disclosure examples,0,19,0%,37.84
xml feed example,0,19,0%,71.37
ambrose akinmusire,0,18,0%,1
bluff creek dog park,0,18,0%,20.11
west coast hip hop,0,18,0%,37.72
steven osborne,0,18,0%,39.61
ska genre,0,18,0%,40.06
xml rss feed,0,18,0%,67
xml feeds,0,18,0%,73.72
bella strawbridge,0,17,0%,6.35
del rey lagoon park photos,0,17,0%,10.24
what is slacker rock,0,17,0%,25
alice sara ott,0,17,0%,30.35
rss feed xml format,0,17,0%,76.65
rss feed format xml,0,17,0%,76.76
permanent wave music genre,0,16,0%,10.88
modern postbebop,0,16,0%,12.5
west coast music genre,0,16,0%,12.75
mccoy tyner trio,0,16,0%,14.44
urbano latino,0,16,0%,22.69
playa del rey lagoon park,0,15,0%,9.93
tunnel to localhost,0,15,0%,29.93
bluff trail park at one westbluff,0,15,0%,30.47
dead finks don't talk,0,15,0%,43.67
neo mellow genre,0,14,0%,8.07
totalism music,0,14,0%,12.71
avant garde jazz,0,14,0%,31.36
what is jazz fusion,0,14,0%,34.57
folktronica,0,14,0%,36
genre of music ska,0,14,0%,41.93
rss format example,0,14,0%,84.86
west coast hip hop subgenres,0,13,0%,7.92
jazzcore,0,13,0%,20.08
ska music genre,0,13,0%,29.69
chia granola,0,13,0%,72.92
hiking trails near me,0,12,0%,1.92
"jános sebestyén prelude in d minor, bwv 926",0,12,0%,8.92
melancholia music genre,0,12,0%,10.08
what is crank wave,0,12,0%,13.58
post romantic era,0,12,0%,20.33
tommy flanagan piano,0,12,0%,27.33
hypnagogic pop,0,12,0%,27.83
top jazz quartets,0,12,0%,31
amazon disclosure,0,12,0%,32.83
what is outlaw country music,0,12,0%,33
permanent wave,0,12,0%,47.25
rss feeds xml,0,12,0%,66.58
permanent wave genre bands,0,11,0%,10
ocean genre,0,11,0%,11.64
trawbridge,0,11,0%,11.82
hikes near marina del rey,0,11,0%,12.09
what is outlaw country,0,11,0%,18.45
music genre ska,0,11,0%,35.18
hip hop music genres,0,11,0%,37.18
alt-country,0,11,0%,41.73
ska genre music,0,11,0%,48.73
what is alternative hip hop,0,11,0%,51.09
bruce robison,0,10,0%,1
lmu bluff trail,0,10,0%,3.8
mellow gold music genre,0,10,0%,7.1
crank music genre,0,10,0%,8.8
downtempo bass,0,10,0%,10.6
adult standard,0,10,0%,11.2
slacker rock genre,0,10,0%,11.5
cloudflare tunnel localhost,0,10,0%,18.3
silvestrov,0,10,0%,27.8
bon dylan,0,10,0%,35
what is contemporary country music,0,10,0%,35.2
dance rock,0,10,0%,48.6
hardcore hip hop music,0,10,0%,48.6
xml rss feeds,0,10,0%,70.9
mango beet smoothie,0,9,0%,10.67
indie jazz music,0,9,0%,13.22
jazz fusion genre,0,9,0%,27.33
alice sara,0,9,0%,29.89
ahmad jamal jazz,0,9,0%,30.11
dub genre,0,9,0%,32.22
ska genre of music,0,9,0%,39.89
what is soft rock,0,9,0%,44.56
steven osborne piano,0,9,0%,46.67
jazz rappers,0,9,0%,60.78
rss feed xml example,0,9,0%,65.33
xml rss,0,9,0%,65.89
xml and rss,0,9,0%,69.89
bob wills,0,8,0%,1
is neutral milk hotel folk punk,0,8,0%,7.38
west coast rap music,0,8,0%,7.62
beet apple banana smoothie,0,8,0%,8
playa del rey bluffs,0,8,0%,8.25
brudi brothers,0,8,0%,8.88
gbfvi,0,8,0%,9.5
crank wave music genre,0,8,0%,10.5
what is crank music,0,8,0%,11
totalism genre,0,8,0%,12.25
playa vista sports park playground,0,8,0%,13.5
lafayette rock,0,8,0%,16
bluff creek trails,0,8,0%,17.38
post romantic music,0,8,0%,19.88
jazz quartet,0,8,0%,21.38
newgrass,0,8,0%,23.38
what is contemporary country,0,8,0%,23.62
slacker rock definition,0,8,0%,29.12
abstract hip hop,0,8,0%,31.25
tommy flanagan pianist,0,8,0%,31.75
ahmed jamal,0,8,0%,37.75
amazon affiliate disclosure template,0,8,0%,40.62
what is alt country,0,8,0%,45.5
olivia terrace walking trail,0,8,0%,47.38
anti folk,0,8,0%,49
playa vista ca map,0,8,0%,51
jazz rap artists,0,8,0%,58.62
rss xml example,0,8,0%,74.62
chia granola recipe,0,8,0%,84.38
bluffs creek,0,7,0%,5.86
bluff creek trailhead,0,7,0%,7
experimental indie,0,7,0%,8.43
beads gastown,0,7,0%,10.29
where is bluff creek,0,7,0%,11.14
puba.com,0,7,0%,13.14
totalism music genre,0,7,0%,15.57
jd beck,0,7,0%,16.71
zolo music,0,7,0%,23
post romantic,0,7,0%,25.29
linval thompson,0,7,0%,26.14
kenny dorham,0,7,0%,32.29
funk rock,0,7,0%,32.71
slacker rock bands,0,7,0%,36.29
fusion genre,0,7,0%,38.57
fusion music genre,0,7,0%,43.57
what is no wave,0,7,0%,58.86
feeds xml,0,7,0%,70.57
bluffs at nine mile creek,0,7,0%,77.29
hikes near me,0,6,0%,1.5
thefocus.ai,0,6,0%,5.67
what is gbvfi,0,6,0%,7.67
metropopolis music,0,6,0%,9
metropopolis genre,0,6,0%,9.5
affiliate disclosure,0,6,0%,9.67
steve yegge beads coding agent memory system,0,6,0%,10
crank wave music,0,6,0%,11.33
fulop ranki,0,6,0%,16
grave wave,0,6,0%,19.5
playa vista parks and recreation,0,6,0%,24.83
bluegrass cd,0,6,0%,25
valentin silvestrov,0,6,0%,27.33
west coast rap,0,6,0%,29.17
mulatu astatke,0,6,0%,33.5
what is alternative country,0,6,0%,37.67
post bop,0,6,0%,39
alt country music,0,6,0%,41.5
playa trail,0,6,0%,43.17
snoop dogg genres,0,6,0%,44.33
playa vista map,0,6,0%,47.17
slacker music,0,6,0%,52.17
rss feed example xml,0,6,0%,65.83
ingredients for balsamic vinegar,0,6,0%,72.67
camille yarbrough,0,5,0%,1
trails near me,0,5,0%,1.6
randy johnson park bluff creek fields,0,5,0%,5.8
"citrin research ""2028gic"" or ""2028 gic""",0,5,0%,8.4
what is crank wave music,0,5,0%,8.4
strawbridge.com,0,5,0%,10.2
grave wave music,0,5,0%,10.4
kenny drew,0,5,0%,11.2
bluegrass cds,0,5,0%,20.8
ottorino respighi,0,5,0%,26.2
chamber pop genre,0,5,0%,28.4
benny maupin,0,5,0%,28.8
urbano music,0,5,0%,30.6
avant-garde jazz,0,5,0%,32.8
tommy flanagan musician,0,5,0%,32.8
avant jazz,0,5,0%,33.6
ballad jazz,0,5,0%,34.2
alternative hip hop,0,5,0%,35.4
playground on bluff trail park,0,5,0%,37
tom strawbridge,0,5,0%,37.4
post romanticism,0,5,0%,40.8
sequoiacap.com,0,5,0%,42
alternative country,0,5,0%,43
anti-folk genre,0,5,0%,43
what is contemporary jazz,0,5,0%,46
anti-folk,0,5,0%,46.6
totalism,0,5,0%,46.6
where is bluff creek california,0,5,0%,57.2
no wave bands,0,5,0%,64.2
ingredients balsamic vinegar,0,5,0%,64.4
indie experimental,0,4,0%,1
instrumental funk bands,0,4,0%,1
"""johnny cash"" spotify image ab6761610000e5eb94a8326675bfcafb20f0a235",0,4,0%,5.75
walking trails near me,0,4,0%,6
"""2028 gic"" citrini",0,4,0%,8.25
melancholia music genre artists,0,4,0%,8.25
wisdom lake,0,4,0%,8.25
fonts.google.com/specimen/cormorant+garamond,0,4,0%,8.5
permanent wave bands,0,4,0%,8.75
gbvfi meaning,0,4,0%,9.5
de la soul genre alternative hip hop jazz rap golden age,0,4,0%,10.25
crank genre music,0,4,0%,11
americana cd,0,4,0%,12.25
abstract beats,0,4,0%,15
zolo genre,0,4,0%,17.5
german electronica,0,4,0%,19.75
new weird america,0,4,0%,20.75
what is urbano latino music,0,4,0%,22.75
chess park playa vista,0,4,0%,23.25
romantic music genres,0,4,0%,26.25
what is west coast rap,0,4,0%,28
post romantic period,0,4,0%,30.25
bluff park walk,0,4,0%,32.25
steve yegge beads,0,4,0%,32.25
who is ahmad jamal,0,4,0%,33
bebop genre,0,4,0%,33.25
music genre dub,0,4,0%,34
ballads jazz,0,4,0%,34.75
bepbop,0,4,0%,36.5
no wave genre,0,4,0%,37.75
wisdom tree hike,0,4,0%,38.25
genre ska,0,4,0%,42
arica road trailhead,0,4,0%,43.25
jazz and fusion,0,4,0%,43.75
dance punk,0,4,0%,45.25
anti folk genre,0,4,0%,46
wisdom tree los angeles,0,4,0%,46.25
antifolk,0,4,0%,47.5
xml rss feed example,0,4,0%,47.75
bluffs trail,0,4,0%,48
what is contemporary jazz music,0,4,0%,48.75
what is anti folk,0,4,0%,49.25
silvestrov composer,0,4,0%,54
slim shady trail,0,4,0%,61.75
what is alternative country music,0,4,0%,62
double butte loop trail,0,4,0%,66
live xml feed,0,4,0%,69.5
xml rss news feed,0,4,0%,79
trampled by turtles,0,3,0%,1
longwood park,0,3,0%,1.67
playa vista bluff creek trail,0,3,0%,2.33
melancholia genre music,0,3,0%,7.67
drone folk,0,3,0%,8.33
the vaselines genre,0,3,0%,8.33
cassey harrold noisy,0,3,0%,9
urbano music genre,0,3,0%,9
grave wave genre,0,3,0%,9.33
hugo new content command,0,3,0%,9.33
"citrin research ""2028 gic""",0,3,0%,10
what genre is crank,0,3,0%,10
jazzcore bands,0,3,0%,11.33
beads agent memory,0,3,0%,11.67
laboratorio music,0,3,0%,12.33
playa vista pickleball courts,0,3,0%,13
olson barbieri,0,3,0%,13.33
j.d. beck,0,3,0%,14.33
gastown beads,0,3,0%,16
brudi,0,3,0%,19
reshot.com,0,3,0%,19.33
jazz fusion genres,0,3,0%,19.67
jazz-pop,0,3,0%,20.67
ahmad jama,0,3,0%,24.33
soul musicals,0,3,0%,24.33
what is melodic rap,0,3,0%,24.67
playa vista tennis courts,0,3,0%,25
alice sara otto,0,3,0%,26.67
soft rock music genre,0,3,0%,26.67
playa vista directions,0,3,0%,27.33
post hardcore drums,0,3,0%,28.33
10 ft ganja plant members,0,3,0%,29.67
swamp music genre,0,3,0%,31
americana cds,0,3,0%,32.33
chicago music genres,0,3,0%,33.33
experimental hip hop,0,3,0%,34.67
joel lyssarides,0,3,0%,35.33
paloma wash trail,0,3,0%,35.33
bepob,0,3,0%,36.33
ska musikstil,0,3,0%,36.33
altcountry,0,3,0%,38.33
post-romantic,0,3,0%,38.67
post-bop,0,3,0%,39.67
thunderbird park three peaks loop trail,0,3,0%,40
what is chamber pop,0,3,0%,40
rufus thomas,0,3,0%,40.67
no-wave,0,3,0%,41.67
strawberry peak,0,3,0%,43.33
what is cool jazz,0,3,0%,43.33
harlem renaissance songs,0,3,0%,44.67
what is avant garde jazz,0,3,0%,45.33
hashknife pony express route,0,3,0%,46
math genre,0,3,0%,46
bad apple trailhead,0,3,0%,46.33
post romantic composers,0,3,0%,47
jazz core,0,3,0%,47.33
steven osborne pianist,0,3,0%,48
what is alt country music,0,3,0%,49
what is post bop jazz,0,3,0%,49.67
no wave album,0,3,0%,50
genre motown,0,3,0%,51.33
sky harbor hike,0,3,0%,51.33
yegge gastown,0,3,0%,52.33
cortessa trailhead,0,3,0%,53.67
classical genre music,0,3,0%,55
broadway trailhead,0,3,0%,56.67
harlem renaissance music genres,0,3,0%,56.67
what is no wave music,0,3,0%,58
cool jazz style,0,3,0%,59
bluff trails,0,3,0%,65.33
springgrass,0,3,0%,66.67
live xml feeds,0,3,0%,67
monte vista and new york creek trails,0,3,0%,68.67
bluffs park trail,0,3,0%,74
hyphy,0,3,0%,83.33
ben gambino,0,2,0%,1
ben valence,0,2,0%,1
best places to run near me,0,2,0%,1
bo staloch,0,2,0%,1
bob willis texas,0,2,0%,1
east coast and west coast rappers,0,2,0%,1
hiking,0,2,0%,1
lafayette afro rock band,0,2,0%,1
open trails near me,0,2,0%,1
west side and east side rappers,0,2,0%,1
where can i buy country music albums online?,0,2,0%,1.5
porno dot,0,2,0%,2.5
bluff creek,0,2,0%,3
brae singer,0,2,0%,3.5
sunset park,0,2,0%,3.5
"""interpreting the french revolution"" furet",0,2,0%,4
dot porno,0,2,0%,4
oberrieder,0,2,0%,4
westchester walking trails,0,2,0%,4.5
third bardo,0,2,0%,7
bluff creek park reviews,0,2,0%,8
hank garrett music,0,2,0%,8
yes,0,2,0%,8
"jános sebestyén prelude in c minor, bwv 999",0,2,0%,8.5
bluff creek road,0,2,0%,9
compositional ambient,0,2,0%,9
recipe schema generator,0,2,0%,9
steve yegge introducing beads coding agent memory system,0,2,0%,9
"citrin research ""2028gic""",0,2,0%,9.5
jakob funch,0,2,0%,9.5
lagoon park playa del rey,0,2,0%,9.5
"nelson freire brahms: 16 waltzes, op. 39 - 15. waltz in a flat",0,2,0%,9.5
is mf doom jazz rap,0,2,0%,10
king puba,0,2,0%,10
what is minimal techno?,0,2,0%,10
aimee vant,0,2,0%,10.5
beetroot and mango smoothie,0,2,0%,10.5
sat-chit luz dorada,0,2,0%,11
obsidian cli automation examples,0,2,0%,12
how to cook golden beets,0,2,0%,12.5
is funk rock,0,2,0%,12.5
metropolis music genre,0,2,0%,13.5
the bluffs trailhead,0,2,0%,13.5
jacob funch guitarist,0,2,0%,14
paddleocr vs easyocr speed comparison,0,2,0%,14
bristol salad,0,2,0%,14.5
experimental indie rock,0,2,0%,14.5
sports park playa vista,0,2,0%,16
zach palmer musician,0,2,0%,17.5
playa vista playground,0,2,0%,18.5
what is urbano music,0,2,0%,18.5
country alternative,0,2,0%,19
post hardcore genre,0,2,0%,19
zolo music genre,0,2,0%,19
ahmad jamal lament,0,2,0%,19.5
east coast hip hop,0,2,0%,20
cloudflared tunnel localhost,0,2,0%,20.5
bluegrass music cds,0,2,0%,22
music genres dub,0,2,0%,22
domi and jd,0,2,0%,22.5
bebop bebop,0,2,0%,23
matt strawbridge,0,2,0%,23.5
the mad lads,0,2,0%,24
valentyn silvestrov,0,2,0%,24.5
larry corryell,0,2,0%,25
charlie byrd parker,0,2,0%,25.5
motown genres,0,2,0%,26
map of playa vista,0,2,0%,26.5
angine de poitrine,0,2,0%,27.5
english sinfonia,0,2,0%,27.5
sara alice ott,0,2,0%,27.5
glasper jazz,0,2,0%,28
joey valence and brae ages,0,2,0%,28
what is funk rock,0,2,0%,28
what is jazz rap,0,2,0%,28.5
chamber-pop,0,2,0%,29
what is experimental rock,0,2,0%,29
hypagogic pop,0,2,0%,29.5
map playa vista,0,2,0%,30
amazon affiliate disclaimer,0,2,0%,30.5
avante garde jazz,0,2,0%,31
chamber rock,0,2,0%,31
music genres hip hop,0,2,0%,31
chamber pop bands,0,2,0%,31.5
amazon affiliate statement,0,2,0%,32
john strawbridge,0,2,0%,32
uk garage rock,0,2,0%,32
wisdom tree trail,0,2,0%,32
beads steve yegge,0,2,0%,32.5
equals band,0,2,0%,32.5
standards music genre,0,2,0%,32.5
beads yegge,0,2,0%,33
domi & jd beck,0,2,0%,33
domi jd beck,0,2,0%,33
gregory uhlmann,0,2,0%,33
the equals band,0,2,0%,33
what is permanent wave,0,2,0%,33
alt-country music,0,2,0%,34
domi and jd beck,0,2,0%,34
how to use google font in tailwind,0,2,0%,34
tommy flanagan (musician),0,2,0%,34.5
west coast hip-hop,0,2,0%,34.5
the brudi brothers,0,2,0%,35
jazz ahmad jamal,0,2,0%,35.5
ahmad jamal musician,0,2,0%,36
barringer cliffs trail,0,2,0%,36
ballad jazz songs,0,2,0%,36.5
bryan strawbridge,0,2,0%,36.5
bluffs at 9 mile creek,0,2,0%,37.5
dance-rock,0,2,0%,37.5
shoegaze,0,2,0%,38.5
art punk,0,2,0%,39
who is joy oladokun,0,2,0%,39
bebeop,0,2,0%,39.5
no-wave music,0,2,0%,39.5
southern hip hop,0,2,0%,39.5
what is fourth world music,0,2,0%,39.5
jazz avant garde,0,2,0%,41
psychedelic soul,0,2,0%,41
anti folk music,0,2,0%,42
who wrote hunchback of notre dame,0,2,0%,42
delthe,0,2,0%,42.5
hanna road trailhead,0,2,0%,42.5
what is chamber pop?,0,2,0%,43
composer silvestrov,0,2,0%,43.5
pavement band,0,2,0%,44
alt country albums,0,2,0%,44.5
dance-punk,0,2,0%,45
joey valence and brae ok,0,2,0%,45.5
rss style,0,2,0%,45.5
emery henderson trailhead,0,2,0%,46
wisdom tree la,0,2,0%,46
anti-folk music,0,2,0%,46.5
fourth world genre,0,2,0%,47
six bridges trail,0,2,0%,47
sky harbor trail,0,2,0%,48.5
space rock genre,0,2,0%,49
mission to burma,0,2,0%,50
gas town yegge,0,2,0%,50.5
steve yegge gas town,0,2,0%,50.5
warpaint trailhead,0,2,0%,50.5
king missile tour,0,2,0%,52
motown genre,0,2,0%,52.5
tabletwritings bridges traditional writing tools modern,0,2,0%,52.5
brigit strawbridge,0,2,0%,53.5
folk tronica,0,2,0%,53.5
wonder view trail,0,2,0%,53.5
grand avenue trail,0,2,0%,54.5
granola with chia seeds,0,2,0%,54.5
chicago music genre,0,2,0%,55.5
music style ska,0,2,0%,55.5
shoegaze genre,0,2,0%,56
bebop band,0,2,0%,57
what is zolo,0,2,0%,57
cobra arch trailhead,0,2,0%,57.5
rss feed xml file,0,2,0%,57.5
contemporary jazz definition,0,2,0%,60
garage genre,0,2,0%,60.5
no wave albums,0,2,0%,60.5
what is jazz fusion music,0,2,0%,60.5
valentin silvestrov composer,0,2,0%,62
xml news feed,0,2,0%,65
glassford hill trailhead,0,2,0%,65.5
xml feed url,0,2,0%,65.5
the bluffs on thompson creek,0,2,0%,70.5
bluffs hike,0,2,0%,75.5
what is americana music genre,0,2,0%,75.5
rss xml format,0,2,0%,79.5
ridge trail near me,0,2,0%,88.5
granola recipe chia seeds,0,2,0%,95.5
del mar bluffs and beach trail,0,2,0%,98
beautiful hikes near me,0,1,0%,1
best hikes los angeles,0,1,0%,1
best hikes near los angeles,0,1,0%,1
best hiking la,0,1,0%,1
best place to walk near me,0,1,0%,1
big parking lots near me,0,1,0%,1
bike trail parking,0,1,0%,1
bike trails los angeles,0,1,0%,1
bluff creek park,0,1,0%,1
buck owens,0,1,0%,1
creeks near me,0,1,0%,1
dirt trails near me,0,1,0%,1
dog friendly hikes los angeles,0,1,0%,1
dog friendly hiking trails,0,1,0%,1
dog trails near me,0,1,0%,1
github granola,0,1,0%,1
hike trails near me,0,1,0%,1
hikes near redondo beach,0,1,0%,1
hiking near lax,0,1,0%,1
hiking parks near me,0,1,0%,1
hiking santa monica,0,1,0%,1
hiking trail,0,1,0%,1
how do i know where to go,0,1,0%,1
joelton mayfield,0,1,0%,1
modern jazz rock,0,1,0%,1
mountain trails near me,0,1,0%,1
nice walks near me,0,1,0%,1
on foot,0,1,0%,1
paved hiking trails near me,0,1,0%,1
places i can walk to near me,0,1,0%,1
places to run near me,0,1,0%,1
randy johnson bluff creek fields,0,1,0%,1
run paths,0,1,0%,1
the viceroys band,0,1,0%,1
the wimple winch,0,1,0%,1
walking trails by me,0,1,0%,1
walking trails los angeles,0,1,0%,1
west and east coast rappers,0,1,0%,1
west coast and east coast rappers,0,1,0%,1
westchester hiking trails,0,1,0%,1
wolfgang amadeus mozart,0,1,0%,1
amazon affiliate disclosure requirements,0,1,0%,2
bluff walk,0,1,0%,2
creek near me,0,1,0%,2
east coast music,0,1,0%,2
free shower near me,0,1,0%,2
hiking trails nearby,0,1,0%,2
secluded places to park near me,0,1,0%,2
sunset park los angeles,0,1,0%,2
admiralty way,0,1,0%,3
best country songs of all time,0,1,0%,3
bluff creek map,0,1,0%,3
françois furet interpreting the french revolution,0,1,0%,3
is there a lawn,0,1,0%,3
"""interpreting the french revolution"" francois furet",0,1,0%,4
image of the park,0,1,0%,4
is it easy to find?,0,1,0%,4
mellow gold,0,1,0%,4
playa del rey beach dog friendly,0,1,0%,4
walking trail near me,0,1,0%,4
"6b0752e8c0334dfb2275a2edb975ec13a2724134 hugo commit move aburlify to post 
content transformation",0,1,0%,5
amazon associates disclosure requirements,0,1,0%,5
beck mellow gold,0,1,0%,5
can you hike,0,1,0%,5
close by,0,1,0%,5
dogs allowed?,0,1,0%,5
westchester trail,0,1,0%,5
dangerous roads org,0,1,0%,6
golden beet juice,0,1,0%,6
map,0,1,0%,6
parking details,0,1,0%,6
apple mango banana,0,1,0%,7
beads and gastown,0,1,0%,7
marina del rey,0,1,0%,7
olsson barbieri,0,1,0%,7
parking spots,0,1,0%,7
peaceiris/actions-hugo,0,1,0%,7
reggaeton genres,0,1,0%,7
shaded hike near me,0,1,0%,7
biffpowbang,0,1,0%,8
del rey lagoon park playa del rey,0,1,0%,8
hiking la,0,1,0%,8
outdoor,0,1,0%,8
paddleocr vs easyocr,0,1,0%,8
electronica german,0,1,0%,9
gbvfi genre,0,1,0%,9
golden apple smoothie,0,1,0%,9
golden beets recipes,0,1,0%,9
soggy bottom boys genre,0,1,0%,9
what is adult standard music,0,1,0%,9
"%""https://i.scdn.co/image/ab6761610000e5eb94a8326675bfcafb20f0a235""",0,1,0%,10
amazon associates disclosure statement,0,1,0%,10
banana apple mango,0,1,0%,10
chalkduster font,0,1,0%,10
"citrini research ""2028gic"" or ""2028 gic""",0,1,0%,10
dance rock genre,0,1,0%,10
easyocr vs paddleocr,0,1,0%,10
golden beet recipe ideas,0,1,0%,10
tailwindcss bg-color,0,1,0%,10
west side genre,0,1,0%,10
what is urbano latino,0,1,0%,10
what would be better,0,1,0%,10
fülöp ránki,0,1,0%,11
https://fonts.google.com/specimen/cormorant+garamond,0,1,0%,11
https://steve-yegge.medium.com/welcome-to-gas-town-4f25ee16dd04,0,1,0%,11
joey brae,0,1,0%,11
recipes for golden beets,0,1,0%,11
the itals,0,1,0%,11
adult standards music,0,1,0%,12
alternative rock cd,0,1,0%,12
de la soul genre alternative hip hop jazz rap conscious hip hop golden age,0,1,0%,12
mango banana and beetroot smoothie,0,1,0%,12
philadelphia to los angeles drive,0,1,0%,12
stella millerz,0,1,0%,12
sunset view,0,1,0%,12
the jazz quartet,0,1,0%,12
"￼￼ rock electronic pop jazz classical hip hop pop rock indie rock 
alternative rock folk punk blues experimental ambient synth-pop hard rock 
downtempo heavy metal house electro soul country folk rock melodic latin",0,1,0%,12
johnny blueskies,0,1,0%,13
bluegrass cds for sale,0,1,0%,14
melancholia genre,0,1,0%,14
wisdom tree hollywood hills,0,1,0%,14
johnny bluesky,0,1,0%,15
old school genre,0,1,0%,15
roger glen,0,1,0%,15
shellsharks,0,1,0%,15
yes please,0,1,0%,15
alternative rock cds,0,1,0%,16
baird hersey,0,1,0%,16
bike trails near me,0,1,0%,16
jdbeck,0,1,0%,16
melancholy music genre,0,1,0%,16
yuja wang jazz,0,1,0%,16
cloudflare localhost tunnel,0,1,0%,17
drone folk music,0,1,0%,17
hiking trail near me,0,1,0%,17
abstract hiphop,0,1,0%,18
frankie white,0,1,0%,18
latin urbano music,0,1,0%,18
post romanticism music,0,1,0%,18
country jazz fusion,0,1,0%,19
obsidian cli,0,1,0%,19
betty cage pov,0,1,0%,20
hypnagogic pop genre,0,1,0%,20
peterson trio,0,1,0%,20
bluegrass music cd,0,1,0%,21
boston genre,0,1,0%,21
hiking trails los angeles,0,1,0%,21
hiking trails with parking near me,0,1,0%,21
jazz fusion cds,0,1,0%,21
melodic rap genre,0,1,0%,21
musikstil ska,0,1,0%,21
scenic hiking trails,0,1,0%,21
squares game,0,1,0%,21
10ft ganja plant,0,1,0%,22
country family reunion band,0,1,0%,22
jd domi,0,1,0%,22
ollie and the nightingales,0,1,0%,22
trails,0,1,0%,22
what is abstract hip hop,0,1,0%,22
alt country rym,0,1,0%,23
jazz country fusion,0,1,0%,23
jazz guitar trio,0,1,0%,23
koe wetzel full name,0,1,0%,23
larry coryell guitarist,0,1,0%,23
localhost tunnel cloudflare,0,1,0%,23
truman waterfront park splash pad,0,1,0%,23
what is trap latino,0,1,0%,23
what is west coast music,0,1,0%,23
ahmad jamal best albums,0,1,0%,24
members of the equals,0,1,0%,24
the equals wiki,0,1,0%,24
what genre is boston,0,1,0%,24
where is bo staloch from,0,1,0%,24
cloudflare tunnel localhost command,0,1,0%,25
conscious hip hop,0,1,0%,25
dot dot 67 song,0,1,0%,25
kenny burrell,0,1,0%,25
oliver anthony music,0,1,0%,25
pavement genre,0,1,0%,25
sca music genre,0,1,0%,25
ten foot ganja plant,0,1,0%,25
what is swamp rock music,0,1,0%,25
cloudflare tunnel for localhost,0,1,0%,26
cloudflare tunnel to localhost,0,1,0%,26
hard bop,0,1,0%,26
jazz band quartet,0,1,0%,26
marc andré hamelin,0,1,0%,26
miami indie,0,1,0%,26
oscar peterson trio members,0,1,0%,26
post hardcore music genre,0,1,0%,26
seungmee lee,0,1,0%,26
ska musik,0,1,0%,26
southern hip hop subgenres,0,1,0%,26
tom t hall,0,1,0%,26
what is newgrass music,0,1,0%,26
alternative hip-hop,0,1,0%,27
dr dres,0,1,0%,27
east coast hip-hop,0,1,0%,27
how old is joey valence and brae,0,1,0%,27
how to use cloudflare tunnel for localhost,0,1,0%,27
interpreting the french revolution,0,1,0%,27
melodic rap albums,0,1,0%,27
musical soul,0,1,0%,27
tommy flanagan jazz pianist,0,1,0%,27
ahamad jamal,0,1,0%,28
ahmad jamal mcghee,0,1,0%,28
ahmed jamel,0,1,0%,28
alternative rock genres,0,1,0%,28
beads ai memory,0,1,0%,28
cloudflare localhost tunnel command,0,1,0%,28
joey valence and brae boston,0,1,0%,28
joey valence and brae seattle,0,1,0%,28
localhost tunnel,0,1,0%,28
math rock subgenres,0,1,0%,28
rashaan kirk,0,1,0%,28
what is swamp rock,0,1,0%,28
yegge beads,0,1,0%,28
yonder mountain string band,0,1,0%,28
ahmd jamal,0,1,0%,29
bob wills texas playboys,0,1,0%,29
domi j d beck,0,1,0%,29
east coast hip hop albums,0,1,0%,29
folk pop genre,0,1,0%,29
google font tailwind,0,1,0%,29
jd beck domi,0,1,0%,29
joey valence and brae age,0,1,0%,29
momoko gill nationality,0,1,0%,29
puba,0,1,0%,29
sunshine pop genre,0,1,0%,29
alice sarah ott,0,1,0%,30
americana musical,0,1,0%,30
amhad jamal,0,1,0%,30
casa rica trail,0,1,0%,30
gastownhall/beads,0,1,0%,30
jazz ballads album songs,0,1,0%,30
math music genre,0,1,0%,30
musical americana,0,1,0%,30
rahsaan roland kirk,0,1,0%,30
what is sunshine pop,0,1,0%,30
willow avalon genre,0,1,0%,30
wisdom tree los angeles trails,0,1,0%,30
amad jamal,0,1,0%,31
ben timmons,0,1,0%,31
reggaeton genre,0,1,0%,31
wisdom tree trailhead,0,1,0%,31
ahman jamal,0,1,0%,32
ahmet jamal,0,1,0%,32
billybragg,0,1,0%,32
david strawbridge,0,1,0%,32
jd beck band,0,1,0%,32
members of joey valence & brae,0,1,0%,32
punk out trail,0,1,0%,32
rss to xml,0,1,0%,32
steven strawbridge,0,1,0%,32
abstract rap,0,1,0%,33
jamal jazz,0,1,0%,33
math rock microtonal,0,1,0%,33
momoko gill wiki,0,1,0%,33
music ragtime,0,1,0%,33
trampled by turtles genre,0,1,0%,33
tree of wisdom hike,0,1,0%,33
what is nu jazz,0,1,0%,33
beads ai agent,0,1,0%,34
fenton robinson,0,1,0%,34
jd beck and domi,0,1,0%,34
list of jazz ballads,0,1,0%,34
post-romanticism,0,1,0%,34
domi and j d beck,0,1,0%,35
kaitlin butts bio,0,1,0%,35
tunnel localhost,0,1,0%,35
fourth world music genre,0,1,0%,36
hardbop,0,1,0%,36
joey valence and brae denver,0,1,0%,36
joey valence and brae genre,0,1,0%,36
soft rock genres,0,1,0%,36
what is art punk,0,1,0%,36
ahmad jahmal,0,1,0%,37
bebop music genre,0,1,0%,37
boogie woogie genre,0,1,0%,37
dylan gossett height,0,1,0%,37
hypnogogic pop,0,1,0%,37
papermod,0,1,0%,37
avant-garde jazz music,0,1,0%,38
boris giltburg,0,1,0%,38
equals pop group,0,1,0%,38
slack rock,0,1,0%,38
the bebop,0,1,0%,38
westcoast hiphop,0,1,0%,38
what is chamber pop music,0,1,0%,38
affiliate link disclosure,0,1,0%,39
ahmad jamal discography,0,1,0%,39
ahmal jamal,0,1,0%,39
best web hosting affiliate disclosure,0,1,0%,39
what genre is pavement,0,1,0%,39
yuja wang edinburgh,0,1,0%,39
bluffs beach trail,0,1,0%,40
cloudflare expose localhost,0,1,0%,40
electroclash genre,0,1,0%,40
hardcore hip hop,0,1,0%,40
what is post-bop,0,1,0%,40
where are joey valence and brae from,0,1,0%,40
where is joey valence from,0,1,0%,40
hiking trails in la,0,1,0%,41
hard bop albums,0,1,0%,42
ok joey valence & brae,0,1,0%,42
ok joey valence and brae,0,1,0%,42
who is jd beck,0,1,0%,42
you ain't gotta die to be dead to me,0,1,0%,42
ahmad jamal pasha,0,1,0%,43
alternative bluegrass,0,1,0%,43
antifolk music,0,1,0%,43
dancehall genre,0,1,0%,43
is soft rock a genre,0,1,0%,43
jazz tribe called quest,0,1,0%,43
lorraine lee hidden canyon trailhead,0,1,0%,43
rss xslt,0,1,0%,43
what is smooth jazz,0,1,0%,43
boris giltburg pianist,0,1,0%,44
joey valence and brae chicago,0,1,0%,44
kenny dorham jazz,0,1,0%,44
mountain walkway,0,1,0%,44
peace trail to secret pass summit,0,1,0%,44
rag time,0,1,0%,44
rag-time,0,1,0%,44
what is anti-folk,0,1,0%,44
bob wills texas,0,1,0%,45
olive grove trail,0,1,0%,45
pacement,0,1,0%,45
smiley rock trail,0,1,0%,45
snoop dogg music genre,0,1,0%,45
texas music genre,0,1,0%,45
what is folktronica,0,1,0%,45
what is jazz funk music,0,1,0%,45
cahuenga peak,0,1,0%,46
hereford bridge trailhead,0,1,0%,46
milk hotel,0,1,0%,46
ragtime genre,0,1,0%,46
choir music genre,0,1,0%,47
com rss xml,0,1,0%,47
gastown yegge,0,1,0%,47
joey valence and brae where are they from,0,1,0%,47
pavemen,0,1,0%,47
ragtime music genre,0,1,0%,47
street hike,0,1,0%,47
what is anti folk music,0,1,0%,47
what is conscious rap,0,1,0%,47
www.strawbridge.net enter code,0,1,0%,47
bush highway trailhead,0,1,0%,48
erick dot,0,1,0%,48
gas town steve yegge,0,1,0%,48
warpaint loop,0,1,0%,48
althea & donna,0,1,0%,49
no wave art,0,1,0%,49
what is dance punk,0,1,0%,49
wonderview trail,0,1,0%,49
amal jamal,0,1,0%,50
phoneline trail,0,1,0%,50
steve yegge gas city,0,1,0%,50
tim strawbridge,0,1,0%,50
what is downtempo music,0,1,0%,50
new babylon lofi,0,1,0%,51
parks in westchester ca,0,1,0%,51
ecm jazz,0,1,0%,52
jazz pop fusion,0,1,0%,52
a jamal,0,1,0%,53
feed.xml,0,1,0%,53
folk rock genre,0,1,0%,53
garage country,0,1,0%,53
garage rock genre,0,1,0%,53
gastown steve yegge,0,1,0%,53
hamelin musician,0,1,0%,53
pole knoll trailhead,0,1,0%,53
sinclair wash trail,0,1,0%,53
steve yegge gastown,0,1,0%,53
the bluffs at thompson creek,0,1,0%,53
what is antifolk,0,1,0%,53
bebobop,0,1,0%,54
cliff walk near me,0,1,0%,54
dance pop genre,0,1,0%,54
things to do in playa vista,0,1,0%,54
gas city yegge,0,1,0%,55
harshaw road trailhead,0,1,0%,55
post bop era,0,1,0%,55
funk rock style,0,1,0%,56
mount trumbull trailhead,0,1,0%,56
alice sara broilers,0,1,0%,57
wasylyk,0,1,0%,57
willing to go with the flow word hike,0,1,0%,57
example rss feed xml,0,1,0%,58
gangsta rap genre,0,1,0%,58
jazz piano music style,0,1,0%,58
what is hyphy music,0,1,0%,59
what is the hunchback of notre dame about,0,1,0%,59
bridge of dreams trailhead,0,1,0%,60
classical genre,0,1,0%,61
create xml feed,0,1,0%,61
sterling pass trailhead,0,1,0%,63
math rock,0,1,0%,64
ragtime style,0,1,0%,64
hugo action design,0,1,0%,66
inacional,0,1,0%,66
ben spero,0,1,0%,67
no wave band,0,1,0%,67
what type of music is americana,0,1,0%,67
no wave movement,0,1,0%,68
the bluff trail,0,1,0%,68
what is alternative hip-hop,0,1,0%,68